0,Mian Ahmad,Aplha Sniper Shooting,https://itunes.apple.com/cn/app/aplha-sniper-shooting/id1091503321?mt=8&uo=4,com.mstech.alpha.sniper.shooting,1091503321,2016-03-15 15:41:13
0,Galatic Droids,"Biplanes, dog fight",https://itunes.apple.com/cn/app/biplanes-dog-fight/id1091500008?mt=8&uo=4,com.galaticdroids.biplanes,1091500008,2016-03-15 15:42:31
0,Seann Moser,FFD,https://itunes.apple.com/cn/app/ffd/id1085669677?mt=8&uo=4,BlockNinja.FFD,1085669677,2016-03-15 15:12:55
0,Ferran Espuna Prat,Motorbike Games Racing,https://itunes.apple.com/cn/app/motorbike-games-racing/id1091027243?mt=8&uo=4,adsprotech.games.motorbike.games.racing,1091027243,2016-03-15 14:50:18
0,Karlo Bencic,"Meme Shooter - ""MLG edition""",https://itunes.apple.com/cn/app/meme-shooter-mlg-edition/id1070909620?mt=8&uo=4,com.karlobencic.mlgshooter,1070909620,2016-03-15 14:43:34
0,LIANG ZHOU,Sumo Sports,https://itunes.apple.com/cn/app/sumo-sports/id1091450796?mt=8&uo=4,com.single.sumonew,1091450796,2016-03-15 14:43:02
0,Rudite Galvanovska,洞穴狂欢 - Far Cry Primal Version,https://itunes.apple.com/cn/app/dong-xue-kuang-huan-far-cry/id1091275914?mt=8&uo=4,com.spring.far,1091275914,2016-03-15 12:03:30
0,Rudite Galvanovska,随机访问 - Daft Punk Version,https://itunes.apple.com/cn/app/sui-ji-fang-wen-daft-punk/id1091294435?mt=8&uo=4,com.flappy.daf,1091294435,2016-03-15 11:59:54
0,Kate Glika,丛林冒险 - Jungle Gods,https://itunes.apple.com/cn/app/cong-lin-mao-xian-jungle-gods/id1091553532?mt=8&uo=4,com.stunt.god,1091553532,2016-03-15 11:43:57
0,Shoji Takeuchi,Cell Dolls,https://itunes.apple.com/cn/app/cell-dolls/id1085648792?mt=8&uo=4,jp.curiosity-inc.ios.celldolls,1085648792,2016-03-15 07:39:01
0,Ushuf Bloch,Strange Journey Hidden Object,https://itunes.apple.com/cn/app/strange-journey-hidden-object/id1091155032?mt=8&uo=4,com.Hidden.StrangeJourneyHiddenObject,1091155032,2016-03-15 15:22:39
0,Feng Qiao,八门神器(助手软件天天酷跑烧饼葫芦侠烧饼我的世界盒子修改器三楼游戏部落冲突皇室战争 clash royale 球球奇迹暖暖我的汤姆猫安吉拉刀剑神域天使童话大作战蜀山奇缘蘑菇战争梦想小镇),https://itunes.apple.com/cn/app/ba-men-shen-qi-zhu-shou-ruan/id1091218345?mt=8&uo=4,com.app.bamenshenqi,1091218345,2016-03-15 14:56:42
0,Cristi Motroc,本地宝插槽：以最大的美洲印第安人发挥特殊的奖品，每天,https://itunes.apple.com/cn/app/ben-bao-cha-cao-yi-zui-da/id1083356089?mt=8&uo=4,com.nativeamericanslotscc,1083356089,2016-03-15 14:15:05
0,New Free Games,Racing Gangsta Car 3D in Highway Road - Free Race Game,https://itunes.apple.com/cn/app/racing-gangsta-car-3d-in-highway/id1091276863?mt=8&uo=4,com.nfg.racinggangsta,1091276863,2016-03-15 12:54:58
0,Nitu Agrawal,美国特警车赛中挑战 - 最好的飞行赛车街机游戏,https://itunes.apple.com/cn/app/mei-guo-te-jing-che-sai-zhong/id1067769213?mt=8&uo=4,com.BazingaApps.AmericanSwatRaceFree,1067769213,2016-03-15 12:13:39
0,Nitu Agrawal,在龟壳上运行,https://itunes.apple.com/cn/app/zai-gui-ke-shang-yun-xing/id1064355902?mt=8&uo=4,com.BazingaApps.TurtleShellFree,1064355902,2016-03-15 12:02:42
0,Juris Berzins,有趣的冒险 - My Little Pony Equestria Girls 版,https://itunes.apple.com/cn/app/you-qu-mao-xian-my-little/id1091507749?mt=8&uo=4,com.run.mll,1091507749,2016-03-15 11:56:17
0,Juris Andzejevskis,国战 - Clarence 版,https://itunes.apple.com/cn/app/guo-zhan-clarence-ban/id1091502557?mt=8&uo=4,com.run.cla,1091502557,2016-03-15 11:49:09
0,Nitu Agrawal,战公主射击战斗 - 4399小游戏射击类穿越火线神枪手打枪网游单机动作枪战游戏王地带mm修改器单击加速器什么好玩,https://itunes.apple.com/cn/app/zhan-gong-zhu-she-ji-zhan/id1059660598?mt=8&uo=4,com.BazingaApps.PrincessCombatFree,1059660598,2016-03-15 11:34:19
0,Nitu Agrawal,惊人的摩托艇停车场狂潮 - 最佳的速度驾驶赛车游戏,https://itunes.apple.com/cn/app/jing-ren-mo-tuo-ting-ting/id1059112810?mt=8&uo=4,com.BazingaApps.MotorBoatParkingFree,1059112810,2016-03-15 11:26:52
0,Qing Liu,游戏学院 for 植物大战僵尸 - 攻略解说动画视频教程助手盒子,https://itunes.apple.com/cn/app/you-xi-xue-yuan-for-zhi-wu/id1087226071?mt=8&uo=4,com.game.pvz,1087226071,2016-03-15 10:50:08
0,GuoDong Ren,超级染色体－12X12 色盲大挑战,https://itunes.apple.com/cn/app/chao-ji-ran-se-ti-12x12-se/id1091493767?mt=8&uo=4,com.rgd123.Ace050,1091493767,2016-03-15 09:58:02
0,Juliet Baika,飞这么高，开始新的冒险：使命如此美妙,https://itunes.apple.com/cn/app/fei-zhe-me-gao-kai-shi-xin/id1091187053?mt=8&uo=4,com.julietbaika.flyingsohightostartanewadventure,1091187053,2016-03-15 08:53:50
0,elkarmedia SL,Altxorraren Bila,https://itunes.apple.com/cn/app/altxorraren-bila/id1088814910?mt=8&uo=4,eus.elkarmedia.smartour.cordova,1088814910,2016-03-15 07:55:34
0,Manh Cuong Vu,Jumper Man - Njan,https://itunes.apple.com/cn/app/jumper-man-njan/id1091578900?mt=8&uo=4,com.jumprun.ketchapp43,1091578900,2016-03-15 15:18:14
0,Manuela Conti,Smash Car Clicker Idle,https://itunes.apple.com/cn/app/smash-car-clicker-idle/id1091306686?mt=8&uo=4,net.fmstudio.smashcarclicker,1091306686,2016-03-15 15:17:03
0,Rudite Galvanovska,蜜罐 - Winnie The Pooh Version,https://itunes.apple.com/cn/app/mi-guan-winnie-pooh-version/id1091494300?mt=8&uo=4,com.jelly.win,1091494300,2016-03-15 12:00:13
0,Windell John Estabillo,Mr Dentist St Patrick Clinic Game Adventure,https://itunes.apple.com/cn/app/mr-dentist-st-patrick-clinic/id1084166610?mt=8&uo=4,com.SCA.denpatrick,1084166610,2016-03-15 10:54:10
0,jeffrey domingo,Adventure of Lost Baby Panda in Bamboo Land - Story of the Brave Warrior,https://itunes.apple.com/cn/app/adventure-lost-baby-panda/id1085618577?mt=8&uo=4,com.BiskyApps.babypanda,1085618577,2016-03-15 10:51:55
0,jeffrey domingo,Charm of Lucky Saint Patrick - Land of Casino Vegas Green Slots HD,https://itunes.apple.com/cn/app/charm-lucky-saint-patrick/id1072072788?mt=8&uo=4,com.BiskyApps.stpatrick,1072072788,2016-03-15 10:50:21
0,GuoDong Ren,暗黑陨落之天外飞仙,https://itunes.apple.com/cn/app/hei-yun-luo-zhi-tian-wai-fei/id1089524877?mt=8&uo=4,com.rgd123.Ace015,1089524877,2016-03-15 10:00:29
0,GuoDong Ren,魔环捕猎,https://itunes.apple.com/cn/app/mo-huan-bu-lie/id1091240806?mt=8&uo=4,com.rgd123.Ace042,1091240806,2016-03-15 09:59:31
0,Nhon Nguyen,"Twisty Wheel +, Impossible Crazy Wheel",https://itunes.apple.com/cn/app/twisty-wheel-+-impossible/id1091049123?mt=8&uo=4,com.taptapgame.twistywheel,1091049123,2016-03-15 08:17:55
0,xing xing,夺回萝卜3: 全球保卫战,https://itunes.apple.com/cn/app/duo-hui-luo-bo3-quan-qiu-bao/id1088214912?mt=8&uo=4,com.xingxingapple.duohuicarrot,1088214912,2016-03-15 06:09:04
0,Kiran Jodhani,水果破碎机 - 比赛3益智游戏乐趣,https://itunes.apple.com/cn/app/shui-guo-po-sui-ji-bi-sai3yi/id1088401264?mt=8&uo=4,com.photongames.fruitcrusherios,1088401264,2016-03-15 14:50:35
0,Solomon Cheung,Pachinko 70s,https://itunes.apple.com/cn/app/pachinko-70s/id1050370117?mt=8&uo=4,com.twokaa.pachinko,1050370117,2016-03-15 13:40:34
0,Juris Andzejevskis,英雄瓢虫 - Miraculous Ladybug Version,https://itunes.apple.com/cn/app/ying-xiong-piao-chong-miraculous/id1090885654?mt=8&uo=4,com.bubble.lad,1090885654,2016-03-15 12:01:24
0,GuoDong Ren,疾速连连看－色盲色弱大挑战,https://itunes.apple.com/cn/app/ji-su-lian-lian-kan-se-mang/id1091418026?mt=8&uo=4,com.rgd123.Ace046,1091418026,2016-03-15 09:58:04
0,Coreline Soft,2195 0194,https://itunes.apple.com/cn/app/sudam-badug/id1049628056?mt=8&uo=4,com.corelinesoft.handtalk2,1049628056,2016-03-15 09:44:05
0,Ion Tulus,幸运的猴子插槽：有大猩猩中的乐趣和特殊奖励的黑猩猩,https://itunes.apple.com/cn/app/xing-yun-hou-zi-cha-cao-you/id1089875057?mt=8&uo=4,com.monkeyslotsit,1089875057,2016-03-15 14:42:05
0,Khang Nguyen,777 Car Slots Machines: Play Slots Machines HD,https://itunes.apple.com/cn/app/777-car-slots-machines-play/id1074557679?mt=8&uo=4,com.CECEEE1.777Aw,1074557679,2016-03-15 13:30:30
0,Khang Nguyen,777 Big Slots Of Fly: HD Slots Machines,https://itunes.apple.com/cn/app/777-big-slots-fly-hd-slots/id1074524986?mt=8&uo=4,com.Anliiiiiii12.777Aw,1074524986,2016-03-15 12:09:03
0,Khang Nguyen,777 Holiday Slots: Free Casino Game,https://itunes.apple.com/cn/app/777-holiday-slots-free-casino/id1074207787?mt=8&uo=4,com.MIMI123.777Aw,1074207787,2016-03-15 11:12:45
0,Abhishek Sharma,Rivers 777,https://itunes.apple.com/cn/app/rivers-777/id1087742900?mt=8&uo=4,com.abhishek.Rivers777,1087742900,2016-03-15 10:44:41
0,Ram Karam,Ultimate Royal World,https://itunes.apple.com/cn/app/ultimate-royal-world/id1088189377?mt=8&uo=4,com.unitile.UltimateRoyalWorld,1088189377,2016-03-15 10:41:20
0,Ram Karam,"""Future"" Fortune Tellers",https://itunes.apple.com/cn/app/future-fortune-tellers/id1088233427?mt=8&uo=4,com.unitile.FutureFortuneTellers,1088233427,2016-03-15 10:33:58
0,精品推荐游戏,大头・广西棋牌中心,https://itunes.apple.com/cn/app/da-tou-guang-xi-qi-pai-zhong-xin/id1089887648?mt=8&uo=4,com.dartou.happyPokerGX,1089887648,2016-03-15 07:35:38
0,Johil Carvalho,777 A Las Vegas Golden Gambler Slots Game FREE,https://itunes.apple.com/cn/app/777-las-vegas-golden-gambler/id1090693079?mt=8&uo=4,com.atollslots.alasvegasgoldengamblerslotsgame,1090693079,2016-03-15 15:47:48
0,Adao Nunes,A Epic Golden Gambler Slots Game - FREE Slots Game,https://itunes.apple.com/cn/app/epic-golden-gambler-slots/id1081413220?mt=8&uo=4,com.adao1slots.aepicgoldengamblerslotsgame,1081413220,2016-03-15 15:28:28
0,Wendel Reis,Casino Bangkok Slots - Free Game Machine Slot,https://itunes.apple.com/cn/app/casino-bangkok-slots-free/id1079002900?mt=8&uo=4,com.wendelreisapps.365,1079002900,2016-03-15 15:21:26
0,Wendel Reis,888 Number of Lucky Slot - Free Game Machine of Las Vegas,https://itunes.apple.com/cn/app/888-number-lucky-slot-free/id1078727337?mt=8&uo=4,com.wendelreisapps.355,1078727337,2016-03-15 15:21:15
0,Wendel Reis,Bet Hot Casino Slot - Free Game of Las Vegas,https://itunes.apple.com/cn/app/bet-hot-casino-slot-free-game/id1079960238?mt=8&uo=4,com.wendelreisapps.391,1079960238,2016-03-15 15:21:08
0,Wendel Reis,Golden Game Awesome Slot - Free Game Machine of Casino,https://itunes.apple.com/cn/app/golden-game-awesome-slot-free/id1078732239?mt=8&uo=4,com.wendelreisapps.358,1078732239,2016-03-15 15:21:06
0,Wendel Reis,Epic Machine Slot Silver - Free Game Special of Casino,https://itunes.apple.com/cn/app/epic-machine-slot-silver-free/id1079519192?mt=8&uo=4,com.wendelreisapps.381,1079519192,2016-03-15 15:21:03
0,Johil Carvalho,2016 A Pharaoh Angels Lucky Slots Game FREE,https://itunes.apple.com/cn/app/2016-pharaoh-angels-lucky/id1090729464?mt=8&uo=4,com.atollslots.apharaohangelsluckyslotsgame,1090729464,2016-03-15 15:27:29
0,Wendel Reis,888 World Machine Slots - Free Game of Casino,https://itunes.apple.com/cn/app/888-world-machine-slots-free/id1081904203?mt=8&uo=4,com.wendelreisapps.444,1081904203,2016-03-15 15:21:00
0,Wendel Reis,Palace of Vegas Slot - Version Premium Free,https://itunes.apple.com/cn/app/palace-vegas-slot-version/id1081856779?mt=8&uo=4,com.wendelreisapps.438,1081856779,2016-03-15 15:20:58
0,Wendel Reis,Random Heart Machine Slots - New Game of Casino,https://itunes.apple.com/cn/app/random-heart-machine-slots/id1081873214?mt=8&uo=4,com.wendelreisapps.443,1081873214,2016-03-15 15:20:58
0,Adao Nunes,A Advanced Royal Lucky Slots Games - FREE Slots Game,https://itunes.apple.com/cn/app/advanced-royal-lucky-slots/id1081217335?mt=8&uo=4,com.adao1slots.aadvancedroyalluckyslotsgames,1081217335,2016-03-15 15:13:18
0,Cristi Motroc,画家的插槽：是幸运的艺人，赚取最大的回报,https://itunes.apple.com/cn/app/hua-jia-cha-cao-shi-xing-yun/id1089870563?mt=8&uo=4,com.paintingslotcc,1089870563,2016-03-15 14:42:48
0,Alan Teixeira,777 Awesome Jewels Casino Mania - Free Jackpot Casino Games,https://itunes.apple.com/cn/app/777-awesome-jewels-casino/id1081824929?mt=8&uo=4,com.alanfrankmobj.266,1081824929,2016-03-15 13:41:24
0,Alan Teixeira,Progressive Fafafa Casino Slots - Lucky Spins and Win,https://itunes.apple.com/cn/app/progressive-fafafa-casino/id1080623228?mt=8&uo=4,com.alanfrankmobj.258,1080623228,2016-03-15 13:41:24
0,Alan Teixeira,Best JACKPOT Machine Slots - Free Gambler Game Deluxe,https://itunes.apple.com/cn/app/best-jackpot-machine-slots/id1081822102?mt=8&uo=4,com.alanfrankmobj.265,1081822102,2016-03-15 13:41:22
0,Alan Teixeira,777 Awesome Abu Dhabi Slots - Ace Spin Machine Deluxe,https://itunes.apple.com/cn/app/777-awesome-abu-dhabi-slots/id1080624594?mt=8&uo=4,com.alanfrankmobj.259,1080624594,2016-03-15 13:41:21
0,Alan Teixeira,7 Up Royal Reel Slots Down - Gambling Game Free,https://itunes.apple.com/cn/app/7-up-royal-reel-slots-down/id1080618189?mt=8&uo=4,com.alanfrankmobj.257,1080618189,2016-03-15 13:40:27
0,Paulo Alves,7 Best Blast Monopoly Slots Machines - FREE Las Vegas Casino Games,https://itunes.apple.com/cn/app/7-best-blast-monopoly-slots/id1038622639?mt=8&uo=4,com.mobilejoyslots.456,1038622639,2016-03-15 13:37:57
0,Paulo Alves,Slotomania Nevada Casino - Spades Free Slots,https://itunes.apple.com/cn/app/slotomania-nevada-casino-spades/id1086079616?mt=8&uo=4,com.alanfrankmobj.294,1086079616,2016-03-15 13:37:56
0,Paulo Alves,7 Lucky Seven Slots - Golden Special Edition,https://itunes.apple.com/cn/app/7-lucky-seven-slots-golden/id1086078977?mt=8&uo=4,com.alanfrankmobj.293,1086078977,2016-03-15 13:37:55
0,Paulo Alves,Big Star Of Vegas Casino  Hot Slots - Free Slot Special Edition Machines,https://itunes.apple.com/cn/app/big-star-vegas-casino-hot/id1085045332?mt=8&uo=4,com.prealvesapps.274,1085045332,2016-03-15 13:37:40
0,Paulo Alves,7 Lucky Seven Slots of Abu Dhabi - Gambler Casino Game,https://itunes.apple.com/cn/app/7-lucky-seven-slots-abu-dhabi/id1086078059?mt=8&uo=4,com.alanfrankmobj.292,1086078059,2016-03-15 13:37:40
0,WENDEL REIS,Aaa Way Golden Gambler Spin To Win - Free Gambler Slot Machine,https://itunes.apple.com/cn/app/aaa-way-golden-gambler-spin/id1086641781?mt=8&uo=4,com.wreisapps.268,1086641781,2016-03-15 13:33:36
0,WENDEL REIS,A Big One Fish Doubleup Casino - Pro Slots Game Edition,https://itunes.apple.com/cn/app/big-one-fish-doubleup-casino/id1086640485?mt=8&uo=4,com.wreisapps.266,1086640485,2016-03-15 13:33:34
0,WENDEL REIS,Big Lucky Grand Palo - Jackpot Edition,https://itunes.apple.com/cn/app/big-lucky-grand-palo-jackpot/id1086639660?mt=8&uo=4,com.wreisapps.265,1086639660,2016-03-15 13:33:34
0,WENDEL REIS,21 Lost Treasure Of Atlantis Lucky In Abu Dhabi - Free Slots Casino Game,https://itunes.apple.com/cn/app/21-lost-treasure-atlantis/id1086640867?mt=8&uo=4,com.wreisapps.267,1086640867,2016-03-15 13:33:34
0,WENDEL REIS,Slots Vacation Best Game - Free Slot Of Vegas  Machines,https://itunes.apple.com/cn/app/slots-vacation-best-game-free/id1080618833?mt=8&uo=4,com.wreisapps.218,1080618833,2016-03-15 13:33:31
0,Tabata Dominowski,7 Golden King Bar Slots - Rich Casino Free,https://itunes.apple.com/cn/app/7-golden-king-bar-slots-rich/id1084339340?mt=8&uo=4,com.tabatadom.277,1084339340,2016-03-15 13:29:52
0,Tabata Dominowski,Awesome Slots Fortune Casino - Fortune Slots Casino,https://itunes.apple.com/cn/app/awesome-slots-fortune-casino/id1083984323?mt=8&uo=4,com.tabatadom.274,1083984323,2016-03-15 13:29:49
0,Tabata Dominowski,"21 Slotmania Pocket Machines - Free Slots, Vegas Slots & Slot Tournaments",https://itunes.apple.com/cn/app/21-slotmania-pocket-machines/id1083985732?mt=8&uo=4,com.tabatadom.275,1083985732,2016-03-15 13:29:49
0,Tabata Dominowski,777 JACKPOT Classic SLOTS - Casino Party Night,https://itunes.apple.com/cn/app/777-jackpot-classic-slots/id1084337341?mt=8&uo=4,com.tabatadom.276,1084337341,2016-03-15 13:29:46
0,Tabata Dominowski,Lucky Winner of Mirage Slots - Full Casino Machine,https://itunes.apple.com/cn/app/lucky-winner-mirage-slots/id1064894493?mt=8&uo=4,com.tabatadom.193,1064894493,2016-03-15 13:29:44
0,Philipp Metzler,活动！ 大小的游戏让孩子们学习和玩棒球,https://itunes.apple.com/cn/app/huo-dong!-da-xiao-you-xi-rang/id977108148?mt=8&uo=4,168sbsbaseball,977108148,2016-03-16 07:00:00
0,GameiMax,Spot The Difference In Theater,https://itunes.apple.com/cn/app/spot-difference-in-theater/id1088175590?mt=8&uo=4,com.gameimax.spotthedifferenceintheater,1088175590,2016-03-15 15:49:17
0,GameiMax,Spot The Differences In House,https://itunes.apple.com/cn/app/spot-the-differences-in-house/id1087334906?mt=8&uo=4,com.gameimax.spotthedifferencesinhouse,1087334906,2016-03-15 14:52:16
0,Nased Boonnah,A Bugs Animal Puzzle Games For Kids,https://itunes.apple.com/cn/app/bugs-animal-puzzle-games-for/id1091148284?mt=8&uo=4,com.betterfly7.bugsanimalspuzzlekids,1091148284,2016-03-15 14:07:38
0,Waqas Pitafi,Tattoo Maker Punch Club,https://itunes.apple.com/cn/app/tattoo-maker-punch-club/id1090301691?mt=8&uo=4,com.oxo.tattoo.simulator,1090301691,2016-03-15 13:04:22
0,KD Toons & Games,Treeatures,https://itunes.apple.com/cn/app/treeatures/id1079842969?mt=8&uo=4,com.KDToonsAndGames.TreeaturesIOS,1079842969,2016-03-15 11:17:50
0,Westermann Lernspielverlag GmbH,Deutsch ganz einfach,https://itunes.apple.com/cn/app/deutsch-ganz-einfach/id1084731602?mt=8&uo=4,de.panvision.deutschganzeinfach,1084731602,2016-03-15 09:17:19
0,Buongiorno,KidzAward C Children07s badge to reward well behaved kids,https://itunes.apple.com/cn/app/kidzaward-children-s-badge/id1069184761?mt=8&uo=4,com.buongiorno.kidzaward,1069184761,2016-03-15 08:25:44
0,Ferran Espuna Prat,Spot The Differences Game 2,https://itunes.apple.com/cn/app/spot-the-differences-game-2/id1091379113?mt=8&uo=4,adsprotech.games.spot.the.differences.game.two,1091379113,2016-03-15 14:45:24
0,lili Zhu,Baby Selfie Card,https://itunes.apple.com/cn/app/baby-selfie-card/id1091557131?mt=8&uo=4,com.zhu.card,1091557131,2016-03-15 13:22:28
0,GuoDong Ren,彩块部落之超神传奇,https://itunes.apple.com/cn/app/cai-kuai-bu-luo-zhi-chao-shen/id1089453250?mt=8&uo=4,com.rgd123.Ace012,1089453250,2016-03-15 10:00:29
0,GuoDong Ren,超级染色体－15X15 颜色大挑战,https://itunes.apple.com/cn/app/chao-ji-ran-se-ti-15x15-yan/id1091477190?mt=8&uo=4,com.rgd123.Ace048,1091477190,2016-03-15 09:58:02
0,Funtastic,Clash of Trivia,https://itunes.apple.com/cn/app/clash-of-trivia/id1090020215?mt=8&uo=4,com.funtastic.clashoftrivia,1090020215,2016-03-15 10:47:07
0,GuoDong Ren,记忆达人之多彩色块,https://itunes.apple.com/cn/app/ji-yi-da-ren-zhi-duo-cai-se-kuai/id1091249750?mt=8&uo=4,com.rgd123.Ace043,1091249750,2016-03-15 10:00:29
0,GuoDong Ren,数字神兵之天堂幻想,https://itunes.apple.com/cn/app/shu-zi-shen-bing-zhi-tian/id1088669990?mt=8&uo=4,com.rgd123.Ace011,1088669990,2016-03-15 10:00:37
0,GuoDong Ren,疾速翻翻看－色盲色弱大挑战,https://itunes.apple.com/cn/app/ji-su-fan-fan-kan-se-mang/id1091437098?mt=8&uo=4,com.rgd123.Ace047,1091437098,2016-03-15 09:58:02
0,TIAN ZHANG,逃脱游戏:13间疯狂密室,https://itunes.apple.com/cn/app/tao-tuo-you-xi-13jian-feng/id1090782991?mt=8&uo=4,studio.tt1.cye13crro,1090782991,2016-03-15 14:26:12
0,GuoDong Ren,色盲猎手,https://itunes.apple.com/cn/app/se-mang-lie-shou/id1091255824?mt=8&uo=4,com.rgd123.Ace044,1091255824,2016-03-15 09:59:31
0,shaodan lin,傲世霸主,https://itunes.apple.com/cn/app/ao-shi-ba-zhu/id1084991471?mt=8&uo=4,com.hz.asbz,1084991471,2016-03-15 09:42:28
0,HAILING ZHANG,逃脱游戏-12间奇幻密室,https://itunes.apple.com/cn/app/tao-tuo-you-xi-12jian-qi-huan/id1090699820?mt=8&uo=4,studio.om.cye12faro,1090699820,2016-03-15 07:39:58
0,Qooga Create Limited company,ス`パ`ＴＤ　万引きＧメンはていた！,https://itunes.apple.com/cn/app/supatd-wan-yinkigmenha-jianteita!/id1059646276?mt=8&uo=4,com.qooga.supertd,1059646276,2016-03-15 08:55:40
0,Lei Li,秘密涂色奇迹 - 免费涂鸦花园暖暖手机游戏,https://itunes.apple.com/cn/app/mi-mi-tu-se-qi-ji-mian-fei/id1091129020?mt=8&uo=4,com.app.colorin,1091129020,2016-03-15 15:45:46
0,GuoDong Ren,唤灵足球之黑云盖天,https://itunes.apple.com/cn/app/huan-ling-zu-qiu-zhi-hei-yun/id1089833765?mt=8&uo=4,com.rgd123.Ace018,1089833765,2016-03-15 09:59:31
0,GuoDong Ren,横条风暴 5X5,https://itunes.apple.com/cn/app/heng-tiao-feng-bao-5x5/id1091277312?mt=8&uo=4,com.rgd123.Ace045,1091277312,2016-03-15 09:59:31
0,ron elazar,09030607040704,https://itunes.apple.com/cn/app/hkmwlwg/id1089533647?mt=8&uo=4,com.webmonkeys.trivia,1089533647,2016-03-15 13:31:35
0,God Tongue,The Quiz for Kingdom,https://itunes.apple.com/cn/app/the-quiz-for-kingdom/id1091423735?mt=8&uo=4,com.kingdom.character.quiz,1091423735,2016-03-15 08:26:58
0,Chengdu Gameworks company LtD,无双战神,https://itunes.apple.com/cn/app/wu-shuang-zhan-shen/id1070117098?mt=8&uo=4,com.sf.wszs.iap,1070117098,2016-03-15 23:26:52
0,Hiep Nguyen,Keep Camp Battle,https://itunes.apple.com/cn/app/keep-camp-battle/id1088722496?mt=8&uo=4,com.dnv7.game585,1088722496,2016-03-15 23:26:38
0,Lokesh Sharma,War For Speed,https://itunes.apple.com/cn/app/war-for-speed/id1085017573?mt=8&uo=4,com.warforspeed.race,1085017573,2016-03-15 23:13:09
0,Thuong Dinh,钻石格斗挑战 - Diamond Fighting Challenge,https://itunes.apple.com/cn/app/zuan-shi-ge-dou-tiao-zhan/id1080520134?mt=8&uo=4,com.skynet.diamond.fighting,1080520134,2016-03-15 23:07:27
0,Nguyen Hiep,Mega Green Drop,https://itunes.apple.com/cn/app/mega-green-drop/id1076877052?mt=8&uo=4,com.dnv5.game473,1076877052,2016-03-15 23:00:25
0,Hoang Nguyen,Tic Tac Free - Tic Tac Toe,https://itunes.apple.com/cn/app/tic-tac-free-tic-tac-toe/id1091619420?mt=8&uo=4,com.NQ-TT.Tic-Tac-Free,1091619420,2016-03-15 22:32:37
0,Michael Hodel,Reaction-Duel,https://itunes.apple.com/cn/app/reaction-duel/id1091562121?mt=8&uo=4,ch.aiko.reactionduel,1091562121,2016-03-15 22:24:59
0,Adil Dar,Grand Attack - Tanks Challenge,https://itunes.apple.com/cn/app/grand-attack-tanks-challenge/id1046763997?mt=8&uo=4,com.treasureislandfarmingzone,1046763997,2016-03-15 22:23:03
0,Huy Nguyen Dinh,Amazing Speed Car Racing,https://itunes.apple.com/cn/app/amazing-speed-car-racing/id1091958463?mt=8&uo=4,com.hdprogames.speedcarracing,1091958463,2016-03-15 21:54:12
0,denis kropov,Line Jump,https://itunes.apple.com/cn/app/line-jump/id1091041686?mt=8&uo=4,line.jump.free.games,1091041686,2016-03-15 21:40:12
0,Pham Thi Hue,Super Hero Fighting - New & Hot Game,https://itunes.apple.com/cn/app/super-hero-fighting-new-hot/id1026717009?mt=8&uo=4,com.dnv6.game056,1026717009,2016-03-15 21:28:26
0,yohanes auri,cumaceban.com,https://itunes.apple.com/cn/app/cumaceban.com/id1052065389?mt=8&uo=4,com.cumaceban.ios,1052065389,2016-03-15 20:55:42
0,Nguyen Hiep,Greek Tower Defense Strategy Games,https://itunes.apple.com/cn/app/greek-tower-defense-strategy/id1089868698?mt=8&uo=4,com.dnv5.game609,1089868698,2016-03-15 20:46:38
0,Valeriy Valeriy Timoshkyn,易拉像素的Minecraft版,https://itunes.apple.com/cn/app/yi-la-xiang-su-deminecraft-ban/id1084327061?mt=8&uo=4,com.h24d.Easy-Draw-Pixel-Minecraft.2,1084327061,2016-03-15 20:39:58
0,Sang Ki Kwon,Twin Runner - go forward without falling down,https://itunes.apple.com/cn/app/twin-runner-go-forward-without/id1091454191?mt=8&uo=4,com.cranberrygame.twinrunner,1091454191,2016-03-15 19:50:17
0,Nguyen Hiep,Sea Rover Dash,https://itunes.apple.com/cn/app/sea-rover-dash/id1084616711?mt=8&uo=4,com.dnv5.game544,1084616711,2016-03-15 19:46:56
0,prixtech ltd,Hop Basket,https://itunes.apple.com/cn/app/hop-basket/id1091439836?mt=8&uo=4,com.prixtech.hopbasket,1091439836,2016-03-15 19:42:53
0,Parth Patel,Into the Woods - 2 Planes Run,https://itunes.apple.com/cn/app/into-the-woods-2-planes-run/id1081807030?mt=8&uo=4,com.indeep.T2,1081807030,2016-03-15 19:13:11
0,Liyuan Zhang,WW2 Warbirds,https://itunes.apple.com/cn/app/ww2-warbirds/id1091307298?mt=8&uo=4,com.DreamingEarthling.WWIIWarbirds,1091307298,2016-03-15 19:11:27
0,dongyo,宠物大战僵尸,https://itunes.apple.com/cn/app/chong-wu-da-zhan-jiang-shi/id1058707184?mt=8&uo=4,com.dongyo.pet,1058707184,2016-03-15 18:47:52
0,Level 13 Games Inc.,Unicycle Delivery Service Lite,https://itunes.apple.com/cn/app/unicycle-delivery-service/id1091375400?mt=8&uo=4,com.level13games.UDSLITE,1091375400,2016-03-15 18:06:18
0,wang xin,火星穿越无限,https://itunes.apple.com/cn/app/huo-xing-chuan-yue-wu-xian/id1091502877?mt=8&uo=4,com.nightcat.taprocketinf,1091502877,2016-03-15 17:47:38
0,Rigoberto Parra Lillo,Billie The Kick,https://itunes.apple.com/cn/app/billie-the-kick/id840386154?mt=8&uo=4,com.TorqueZtudios.BillieTheKick,840386154,2016-03-15 17:30:17
0,denny nguyen,Beat ‘em Up  Game - Luffy Version,https://itunes.apple.com/cn/app/beat-em-up-game-luffy-version/id1090354355?mt=8&uo=4,com.dnv1.game616,1090354355,2016-03-15 17:11:54
0,Adil Dar,Octopus Fishing Mania,https://itunes.apple.com/cn/app/octopus-fishing-mania/id1061068876?mt=8&uo=4,com.snipersssasinationcounterterroristforce,1061068876,2016-03-15 23:18:08
0,shikai shi,飞行的小鸟,https://itunes.apple.com/cn/app/fei-xing-de-xiao-niao/id1091206562?mt=8&uo=4,com.youjiang.game.flappybird,1091206562,2016-03-15 23:17:46
0,"Wuhan Dobest Information Technology Co, Ltd.",消除星星―天天开心消灭神秘的星星宝石，免费单机版游戏中心,https://itunes.apple.com/cn/app/xiao-chu-xing-xing-tian-tian/id1088781705?mt=8&uo=4,com.wedobest.cleanstar2,1088781705,2016-03-15 23:08:23
0,Andrew Tong,The Flappy Dead: Jumping Into The Stupid Zombies,https://itunes.apple.com/cn/app/flappy-dead-jumping-into-stupid/id1091916128?mt=8&uo=4,com.tongstudios.flappydead,1091916128,2016-03-15 22:12:33
0,Ellada Zhirova,Unicorns Shooter,https://itunes.apple.com/cn/app/unicorns-shooter/id1082591406?mt=8&uo=4,com.musicforyou.unicorn.shooter,1082591406,2016-03-15 21:58:19
0,Yuisy,Gatucraft Skin Editor for Minecraft,https://itunes.apple.com/cn/app/gatucraft-skin-editor-for/id1083485513?mt=8&uo=4,com.qb9.skineditor,1083485513,2016-03-15 21:24:02
0,Samuel Tregillus,Gravity Pull - VR Puzzle Game,https://itunes.apple.com/cn/app/gravity-pull-vr-puzzle-game/id1091428717?mt=8&uo=4,com.VRMersive.GravityDrop,1091428717,2016-03-15 21:09:10
0,Romit Dodhia,Hilarious Election President Run 2016 - With Donald Trump Free,https://itunes.apple.com/cn/app/hilarious-election-president/id1089435129?mt=8&uo=4,com.romit.berniesandwiches,1089435129,2016-03-15 20:57:07
0,"MobileFusionSoft.com, Inc",Aventurer Boy,https://itunes.apple.com/cn/app/aventurer-boy/id1088861701?mt=8&uo=4,com.aventurerboy.lite,1088861701,2016-03-15 19:03:48
0,"MobileFusionSoft.com, Inc",DJ Dizzy Duck,https://itunes.apple.com/cn/app/dj-dizzy-duck/id1090611944?mt=8&uo=4,com.djdizzyduck.lite,1090611944,2016-03-15 18:48:39
0,Damian Plak,Hopscotch Game,https://itunes.apple.com/cn/app/hopscotch-game/id1091231984?mt=8&uo=4,ios.d91.Hopscotch,1091231984,2016-03-15 18:03:45
0,Adil Dar,Veg Maker - Crazy Monkey,https://itunes.apple.com/cn/app/veg-maker-crazy-monkey/id1073885516?mt=8&uo=4,com.basketballchallangeofgame,1073885516,2016-03-15 17:59:34
0,Adil Dar,Sniper Shot Warfare Extreme - 2016,https://itunes.apple.com/cn/app/sniper-shot-warfare-extreme/id1072361102?mt=8&uo=4,com.3Dsnipper,1072361102,2016-03-15 17:21:13
0,Tran Tuan Linh,Cookie Link Star,https://itunes.apple.com/cn/app/cookie-link-star/id1091614495?mt=8&uo=4,com.taksina4best.cookielink,1091614495,2016-03-15 17:17:59
0,NGUYEN LINH,Fruit Link Amazing Match 3,https://itunes.apple.com/cn/app/fruit-link-amazing-match-3/id1091582081?mt=8&uo=4,com.fruit4line.fruitlinksaga4,1091582081,2016-03-15 17:17:55
0,App Cart,Trumpy Jump - Avoid the Spikes,https://itunes.apple.com/cn/app/trumpy-jump-avoid-the-spikes/id1090725779?mt=8&uo=4,trumpyjump.appcart,1090725779,2016-03-15 16:52:39
0,Kaushal Kashvala,The Dark Taslisman Hidden Object,https://itunes.apple.com/cn/app/dark-taslisman-hidden-object/id1091535402?mt=8&uo=4,com.prem.TheDarkTaslismanHiddenObject,1091535402,2016-03-15 16:48:40
0,Oleg Myakishev,Shoot this Bird,https://itunes.apple.com/cn/app/shoot-this-bird/id1082596718?mt=8&uo=4,com.gamesandapps.shoot.bird,1082596718,2016-03-15 16:44:57
0,Nguyen Huu Tri,iFishing Lucky - FREE,https://itunes.apple.com/cn/app/ifishing-lucky-free/id1091585810?mt=8&uo=4,com.mygame.moling4,1091585810,2016-03-15 16:41:14
0,Nguyen Tam Long,Frozen Sweet Candy 2,https://itunes.apple.com/cn/app/frozen-sweet-candy-2/id1091584581?mt=8&uo=4,com.vg.game.candyfrozen1,1091584581,2016-03-15 16:28:12
0,ParkPill,勇敢的流氓,https://itunes.apple.com/cn/app/yong-gan-de-liu-mang/id1067563478?mt=8&uo=4,com.magmon.braverascal,1067563478,2016-03-15 16:10:26
0,Ian Odom,What Are Those? Blocks,https://itunes.apple.com/cn/app/what-are-those-blocks/id1081285360?mt=8&uo=4,com.ianodom.WhatAreThoseBlocks.com,1081285360,2016-03-15 15:58:08
0,Do Thanh Huyen,Egg Shooter Ultimate Edition,https://itunes.apple.com/cn/app/egg-shooter-ultimate-edition/id1091577542?mt=8&uo=4,com.juice.variationtech4t,1091577542,2016-03-15 15:57:48
0,Lukas Franek,Star Shooter Arcade,https://itunes.apple.com/cn/app/star-shooter-arcade/id928939391?mt=8&uo=4,chleba.org.StarShooterArcade,928939391,2016-03-15 23:20:49
0,SUN TEAME PTE. LTD.,Army Slots - Military Slot Machine,https://itunes.apple.com/cn/app/army-slots-military-slot-machine/id1089587206?mt=8&uo=4,com.armyslots.slots,1089587206,2016-03-15 22:54:47
0,Vu Quang Hung,Crazy Puzzle Bubble Blaster,https://itunes.apple.com/cn/app/crazy-puzzle-bubble-blaster/id1091983276?mt=8&uo=4,com.vg.game.bubblepoppet2016,1091983276,2016-03-15 22:33:13
0,Ferran Espuna Prat,Dentist Games Kids Doctor,https://itunes.apple.com/cn/app/dentist-games-kids-doctor/id1091595917?mt=8&uo=4,adsprotech.games.dentist.games.kids.doctor,1091595917,2016-03-15 22:23:46
0,Yasir Azad,Garbage Jiggle Magic - Adventure Fun,https://itunes.apple.com/cn/app/garbage-jiggle-magic-adventure/id1078084827?mt=8&uo=4,com.waterboatduskdriveadventure,1078084827,2016-03-15 21:42:46
0,Barry Harris,HopPop,https://itunes.apple.com/cn/app/hoppop/id1091034769?mt=8&uo=4,Popped.Popped,1091034769,2016-03-15 21:19:34
0,Hai Hoang Duc,Onet Legend,https://itunes.apple.com/cn/app/onet-legend/id1091275147?mt=8&uo=4,com.kkmct.onetlegend,1091275147,2016-03-15 21:06:09
0,Sa Doan,Monster Bubble: Magic Bubble Shooter - Adventure In Witch World,https://itunes.apple.com/cn/app/monster-bubble-magic-bubble/id1084726644?mt=8&uo=4,com.asqteam.monsterbubble,1084726644,2016-03-15 21:03:42
0,Pietro Demuro,Last Dodo,https://itunes.apple.com/cn/app/last-dodo/id1091653783?mt=8&uo=4,com.PietroDemuro.TheLastDodo,1091653783,2016-03-15 20:56:05
0,yushi nakayama,松あつめforおそ松さん,https://itunes.apple.com/cn/app/songatsumeforoso-songsan/id1081878624?mt=8&uo=4,com.collection.matsu,1081878624,2016-03-15 20:48:47
0,Kiran Bargale,Donut Crush Ultimate fun level switch game,https://itunes.apple.com/cn/app/donut-crush-ultimate-fun-level/id1091523440?mt=8&uo=4,com.at.DonutCrush,1091523440,2016-03-15 20:33:57
0,Le Hoang,Brick Wall - Amazing Avoid Game,https://itunes.apple.com/cn/app/brick-wall-amazing-avoid-game/id1090658439?mt=8&uo=4,com.instafunapp.ios16030510,1090658439,2016-03-15 20:22:47
0,Yanping Chen,BoxGo Go Go,https://itunes.apple.com/cn/app/boxgo-go-go/id1091126533?mt=8&uo=4,com.matrixme.runningbox,1091126533,2016-03-15 20:20:51
0,adam rogan,Professor Math,https://itunes.apple.com/cn/app/professor-math/id1090745583?mt=8&uo=4,com.adrogdesigns.professormath,1090745583,2016-03-15 19:41:17
0,Spencer England,Rich's Basketball,https://itunes.apple.com/cn/app/richs-basketball/id1091490296?mt=8&uo=4,com.twitter.richsbasketball,1091490296,2016-03-15 19:14:48
0,Nguyen Thi Tham,Juice Fruit Link: Match 3,https://itunes.apple.com/cn/app/juice-fruit-link-match-3/id1091582588?mt=8&uo=4,com.fruitlink.juicefruitpop2,1091582588,2016-03-15 18:22:56
0,Nader Khodragha,iScore Free,https://itunes.apple.com/cn/app/iscore-free/id1089527705?mt=8&uo=4,com.nkhodragha.iscorefree,1089527705,2016-03-15 23:32:58
0,Ehtisham Abbas,Gladiators Bingo - Free bingo,https://itunes.apple.com/cn/app/gladiators-bingo-free-bingo/id1084652530?mt=8&uo=4,com.halffat2.gladiatorswar,1084652530,2016-03-15 23:00:47
0,Xia Lina,Practice Your Bridge,https://itunes.apple.com/cn/app/practice-your-bridge/id1088223787?mt=8&uo=4,com.xialina.Practice-Your-Bridge,1088223787,2016-03-15 23:00:23
0,Srujan Simha Adicharla,UNO Scores,https://itunes.apple.com/cn/app/uno-scores/id1091787151?mt=8&uo=4,com.retropep.UNOStats,1091787151,2016-03-15 21:59:06
0,Rudy Luna,Loteria Time,https://itunes.apple.com/cn/app/loteria-time/id1089392105?mt=8&uo=4,app.loteriatime.com,1089392105,2016-03-15 20:43:03
0,Ehtisham Abbas,Bingo Party Club,https://itunes.apple.com/cn/app/bingo-party-club/id1084673766?mt=8&uo=4,com.halffat2.bingopartyclub,1084673766,2016-03-15 20:09:05
0,Fedor Kormachev,智力拼图 - PuzzleUp,https://itunes.apple.com/cn/app/zhi-li-pin-tu-puzzleup/id1070496135?mt=8&uo=4,info.puzzleup.puzzleup,1070496135,2016-03-15 19:13:48
0,S.Mehdi Nabavi Zadeh,Block Build Up Stack em game,https://itunes.apple.com/cn/app/block-build-up-stack-em-game/id1091626402?mt=8&uo=4,com.multinetz.BlockBuildUp,1091626402,2016-03-15 18:16:48
0,denny nguyen,Battletoads Origin,https://itunes.apple.com/cn/app/battletoads-origin/id1091141996?mt=8&uo=4,com.dnv1.game621,1091141996,2016-03-15 17:32:55
0,Ruslan Goncharenko,红球和玻璃迷宫 / Red ball & Glass maze,https://itunes.apple.com/cn/app/hong-qiu-he-bo-li-mi-gong/id1090412142?mt=8&uo=4,gruv.game.labyrinth3d4.IOSLauncher,1090412142,2016-03-15 17:28:52
0,Huang TaoYing,斗地主 - 女神一起玩,https://itunes.apple.com/cn/app/dou-de-zhu-nu-shen-yi-qi-wan/id1089044908?mt=8&uo=4,JHTool.DouDeZhu,1089044908,2016-03-15 17:16:04
0,Huy Le,Domino Game HD - Deluxe free with dominos puzzle pro online mexican version,https://itunes.apple.com/cn/app/domino-game-hd-deluxe-free/id1091477758?mt=8&uo=4,Huy.Le.DominoGameHD,1091477758,2016-03-15 17:05:46
0,Andre Moreira,AAA Best Casino Uruguay,https://itunes.apple.com/cn/app/aaa-best-casino-uruguay/id1091282235?mt=8&uo=4,com.groupmustache.AAABestCasinoUruguay,1091282235,2016-03-15 23:18:52
0,Andre Moreira,AAA ALL Be Slots Coins,https://itunes.apple.com/cn/app/aaa-all-be-slots-coins/id1091277037?mt=8&uo=4,com.groupmustache.AAAALLBeSlotsCoins,1091277037,2016-03-15 23:13:46
0,Edson Costa,A Jackpot Party City Lucky Slots Game,https://itunes.apple.com/cn/app/jackpot-party-city-lucky-slots/id1090977404?mt=8&uo=4,com.luckygames.ajackpotpartyheavenluckyslotsgame,1090977404,2016-03-15 21:47:24
0,"Brett Wharton Animation, LLC",Would You Rather? Fun Game for Parties,https://itunes.apple.com/cn/app/would-you-rather-fun-game/id1024898412?mt=8&uo=4,com.brettwhartoninc.would-you-rather,1024898412,2016-03-15 20:54:33
0,Poker Face Apps - Best Free Puzzle & Casino Games Pty Ltd,Slots Enchanted Forest - Unicorn & Elf Queen Riches PRO: Vegas Fantasy Slot-Machines.,https://itunes.apple.com/cn/app/slots-enchanted-forest-unicorn/id1087165571?mt=8&uo=4,com.Grasshopper.EnchantedForestPRO,1087165571,2016-03-15 19:09:46
0,Khang Nguyen,Awesome Free Slots: Play Casino Slots Machines,https://itunes.apple.com/cn/app/awesome-free-slots-play-casino/id1073332879?mt=8&uo=4,com.SAUCE1111.777Aw,1073332879,2016-03-15 18:13:23
0,Khang Nguyen,Classic Slots: Free Slots Of Queen,https://itunes.apple.com/cn/app/classic-slots-free-slots-queen/id1073497740?mt=8&uo=4,com.Bread1111.777Aw,1073497740,2016-03-15 18:11:16
0,Nguyen Hieu,A Circus: Casino Slots Free Game HD!,https://itunes.apple.com/cn/app/circus-casino-slots-free-game/id1086492641?mt=8&uo=4,com.Duck1.777,1086492641,2016-03-15 17:05:44
0,Warinthorn Khamthon,777 Lucky Play Coolgame Slots - FREE Jackpot Gambler Game,https://itunes.apple.com/cn/app/777-lucky-play-coolgame-slots/id1090546473?mt=8&uo=4,com.isarindesign.w2LuckySlotsFree,1090546473,2016-03-15 16:31:21
0,Andressa Domingues,"A Aabe Lucky Slots, Roulette and Blackjack 21",https://itunes.apple.com/cn/app/aabe-lucky-slots-roulette/id1090670478?mt=8&uo=4,com.thslabs.aaluckysrb21,1090670478,2016-03-15 16:22:42
0,Andressa Domingues,"A Aace Casino Pedrus Palace Slots, Roulette and Blackjack 21",https://itunes.apple.com/cn/app/aace-casino-pedrus-palace/id1090680424?mt=8&uo=4,com.thslabs.aacasinopedruspalacesrb21,1090680424,2016-03-15 16:21:53
0,Michi Zurmühle,Jasstafel Free,https://itunes.apple.com/cn/app/jasstafel-free/id1083394185?mt=8&uo=4,nap.jasstafelfree,1083394185,2016-03-15 15:50:24
0,SUN TEAME PTE. LTD.,Jungle Slots - Amazing Rainforest Las Vegas Slot Machine,https://itunes.apple.com/cn/app/jungle-slots-amazing-rainforest/id1089597189?mt=8&uo=4,com.jungleslots.slots,1089597189,2016-03-15 23:40:02
0,SUN TEAME PTE. LTD.,Aztec Gold Slots - Incredible Riches Las Vegas Slot Machine,https://itunes.apple.com/cn/app/aztec-gold-slots-incredible/id1089588310?mt=8&uo=4,com.aztecgoldslots.slots,1089588310,2016-03-15 23:32:49
0,SUN TEAME PTE. LTD.,Arabian Slots - Free Casino Slot Machine,https://itunes.apple.com/cn/app/arabian-slots-free-casino/id1089594337?mt=8&uo=4,com.arabianslots.slots,1089594337,2016-03-15 23:12:46
0,SUN TEAME PTE. LTD.,Gangsters Slots,https://itunes.apple.com/cn/app/gangsters-slots/id1089586834?mt=8&uo=4,com.gangstersslots.slots,1089586834,2016-03-15 23:10:58
0,Abdullah Haydar,Cattack!,https://itunes.apple.com/cn/app/cattack!/id1071577546?mt=8&uo=4,com.HyperwareStudios.Cattack,1071577546,2016-03-15 22:56:01
0,Debora Fettermann,2016 A Wizard Las Vegas Lucky Slots Game - FREE Slots Game,https://itunes.apple.com/cn/app/2016-wizard-las-vegas-lucky/id1088324554?mt=8&uo=4,com.dffgames.awizardlasvegasluckyslotsgame,1088324554,2016-03-15 21:02:01
0,Debora Fettermann,777 A Star Pins Golden Lucky Slots Game - FREE Slots Machine,https://itunes.apple.com/cn/app/777-star-pins-golden-lucky/id1088330813?mt=8&uo=4,com.dffgames.astarpinsgoldenluckyslotsgame,1088330813,2016-03-15 21:02:00
0,Debora Fettermann,A Double Dice Treasure Gambler Slots Game - FREE Vegas Spin & Win,https://itunes.apple.com/cn/app/double-dice-treasure-gambler/id1085178431?mt=8&uo=4,com.dffgames.adoubledicetreasuregamblerslotsgames,1085178431,2016-03-15 21:01:07
0,Maria Cristina Calasans Melo,Jingling Coins Revenge - Best Reward Slots,https://itunes.apple.com/cn/app/jingling-coins-revenge-best/id1087358634?mt=8&uo=4,com.tathielimobjoy.386,1087358634,2016-03-15 20:43:16
0,Maria Cristina Calasans Melo,Wild Spin - FREE Coin Machine,https://itunes.apple.com/cn/app/wild-spin-free-coin-machine/id1087357427?mt=8&uo=4,com.tathielimobjoy.385,1087357427,2016-03-15 20:42:42
0,Maria Cristina Calasans Melo,The Clash Slots Machines - Vegas Casino Games,https://itunes.apple.com/cn/app/clash-slots-machines-vegas/id1087356387?mt=8&uo=4,com.tathielimobjoy.384,1087356387,2016-03-15 20:41:53
0,Marcus Moura,Absolute Classic Slots Sensation,https://itunes.apple.com/cn/app/absolute-classic-slots-sensation/id1091684297?mt=8&uo=4,com.mr.ruffleapps03.absoluteclassicslotssensation,1091684297,2016-03-15 20:37:40
0,Everton Francisco Rosa,``` 2016 ``` - A Slotto Funniest Casino SLOTS - FREE Vegas SLOTS Game,https://itunes.apple.com/cn/app/2016-slotto-funniest-casino/id1091649354?mt=8&uo=4,com.lutongames.aslottofortuneluckyslotsgame,1091649354,2016-03-15 20:28:15
0,Everton Francisco Rosa,``` 2016 ``` - A Avalon Lucky Casino SLOTS Game - FREE Vegas SLOTS Machine,https://itunes.apple.com/cn/app/2016-avalon-lucky-casino-slots/id1089652847?mt=8&uo=4,com.lutongambler.2016avalonluckycasinoslotsgame,1089652847,2016-03-15 20:27:40
0,Joyselene Gama,777 A Vegas Jackpot Las Vegas Lucky Slots Game,https://itunes.apple.com/cn/app/777-vegas-jackpot-las-vegas/id1091413887?mt=8&uo=4,com.joycegames.avegasjackpotlasvegasluckyslotsgame,1091413887,2016-03-15 19:17:01
0,Davi Soares,AAA Good Game Slot - Win Money Play Slots,https://itunes.apple.com/cn/app/aaa-good-game-slot-win-money/id1084805134?mt=8&uo=4,com.davisoaresapps.612,1084805134,2016-03-15 18:12:02
0,Davi Soares,An Casino Crazy Machine Slots - Free Game Machine Slots,https://itunes.apple.com/cn/app/casino-crazy-machine-slots/id1083553701?mt=8&uo=4,com.davisoaresapps.560,1083553701,2016-03-15 18:12:02
0,Davi Soares,Classic Slots Star Pins - Free Jackpot Casino Games,https://itunes.apple.com/cn/app/classic-slots-star-pins-free/id1085114955?mt=8&uo=4,com.davisoaresapps.614,1085114955,2016-03-15 18:12:02
0,Davi Soares,Star Spins Good Lucky - VIP Slots Machines,https://itunes.apple.com/cn/app/star-spins-good-lucky-vip/id1084768561?mt=8&uo=4,com.davisoaresapps.609,1084768561,2016-03-15 18:12:02
0,Davi Soares,Vegas Slots Machine Amazing - Win Money Casino FREE,https://itunes.apple.com/cn/app/vegas-slots-machine-amazing/id1081892984?mt=8&uo=4,com.davisoaresapps.547,1081892984,2016-03-15 18:12:02
0,Davi Soares,Wild Game of Slots Double Money - Free Game Machine Slots,https://itunes.apple.com/cn/app/wild-game-slots-double-money/id1083131412?mt=8&uo=4,com.davisoaresapps.558,1083131412,2016-03-15 18:12:02
0,Sergio Dantas,777 Slots Favorites World Gambler Game - FREE Casino Slots,https://itunes.apple.com/cn/app/777-slots-favorites-world/id1090753183?mt=8&uo=4,com.betsgame.aslotsfavoritesworldgamblerslotsgame,1090753183,2016-03-15 17:02:15
0,Elisa Carvalho,Action Dubai Golden Casino,https://itunes.apple.com/cn/app/action-dubai-golden-casino/id1091360254?mt=8&uo=4,com.mr.ruffleapps01.aacedubaigoldenscasino,1091360254,2016-03-15 16:49:01
0,Johil Carvalho,777 A Vegas Jackpot Amazing Lucky Slots Game FREE,https://itunes.apple.com/cn/app/777-vegas-jackpot-amazing/id1090692218?mt=8&uo=4,com.atollslots.avegasjackpotamazingluckyslotsgame,1090692218,2016-03-15 15:48:46
0,Johil Carvalho,2016 Avalon World Gambler Slots Game FREE,https://itunes.apple.com/cn/app/2016-avalon-world-gambler/id1090692095?mt=8&uo=4,com.atollslots.avalonworldgamblerslotsgame,1090692095,2016-03-15 15:47:48
0,Rajesh Kumar,Spell Checker - Animal Theme Puzzle Game,https://itunes.apple.com/cn/app/spell-checker-animal-theme/id1091944509?mt=8&uo=4,com.spell.animals,1091944509,2016-03-15 23:08:18
0,Kozo Terai,小狗(狗仔)拼图,https://itunes.apple.com/cn/app/xiao-gou-gou-zi-pin-tu/id1091485813?mt=8&uo=4,edu.self.PuppyJigsaw,1091485813,2016-03-15 22:04:05
0,Hao Wu,阿苏的周末大扫除,https://itunes.apple.com/cn/app/a-su-de-zhou-mo-da-sao-chu/id1090847865?mt=8&uo=4,bepublictun.asudezhoumodasaochu,1090847865,2016-03-15 21:37:10
0,CSV EDUCACAO DIGITAL LTDA-ME,Clubinho Salva Vidas,https://itunes.apple.com/cn/app/clubinho-salva-vidas/id1063767320?mt=8&uo=4,com.clubinhosalvavidas.salvavidas,1063767320,2016-03-15 20:53:56
0,Bhavik Shah,air plane cleaning game - Plane Wash,https://itunes.apple.com/cn/app/air-plane-cleaning-game-plane/id1085455030?mt=8&uo=4,com.smaartapp.airplanecleaninggame,1085455030,2016-03-15 20:42:14
0,Sakda Setrin,动物图画书 - 绘图连接点为孩子们的游戏,https://itunes.apple.com/cn/app/dong-wu-tu-hua-shu-hui-tu/id1091424749?mt=8&uo=4,com.sakda.animalconnectdots,1091424749,2016-03-15 20:33:11
0,ARAPPDEV,Ultimate Sudoku Contest,https://itunes.apple.com/cn/app/ultimate-sudoku-contest/id1091303664?mt=8&uo=4,com.arappdev.SudokuContest,1091303664,2016-03-15 20:14:47
0,JAIME CLERIGO CARRIEDO,Europe Bubbles Lite: Countries and Capitals of Europe.The quiz!,https://itunes.apple.com/cn/app/europe-bubbles-lite-countries/id1090757732?mt=8&uo=4,com.jaimeclerigo.europebubbleslite,1090757732,2016-03-15 19:31:26
0,GameiMax,My Town Spot The Differences,https://itunes.apple.com/cn/app/my-town-spot-the-differences/id1087810696?mt=8&uo=4,com.gameimax.mytownspotthedifferences,1087810696,2016-03-15 18:49:56
0,Sakda Setrin,蔬菜和水果着色书 - 绘图连接圆点的孩子,https://itunes.apple.com/cn/app/shu-cai-he-shui-guo-zhe-se/id1091426366?mt=8&uo=4,com.sakda.vegetableconnectdots,1091426366,2016-03-15 18:49:52
0,AHMET YILDIRIM,Surprise Egg New Toys,https://itunes.apple.com/cn/app/surprise-egg-new-toys/id1090726933?mt=8&uo=4,com.hihoy.SurpriseEggNewToys,1090726933,2016-03-15 18:45:05
0,Swati Panchal,Kids ABC Letter Puzzles & Song,https://itunes.apple.com/cn/app/kids-abc-letter-puzzles-song/id1084622961?mt=8&uo=4,com.gameiva.kidsabcletterpuzzlessong,1084622961,2016-03-15 18:21:24
0,Milan Ilic,闪光美甲沙龙 C 玩时尚游戏和打造闪亮美甲,https://itunes.apple.com/cn/app/shan-guang-mei-jia-sha-long/id1091564053?mt=8&uo=4,milanilic.nailart.GlitterNailMakeoverSalon,1091564053,2016-03-15 18:15:19
0,GameiMax,Mystery Trackers Spot Objects,https://itunes.apple.com/cn/app/mystery-trackers-spot-objects/id1086589275?mt=8&uo=4,com.gameimax.mysterytrackersspotobjects,1086589275,2016-03-15 17:56:57
0,Auncharee Reungsri,Matching Game for Barney and Friends Edition,https://itunes.apple.com/cn/app/matching-game-for-barney-friends/id1091648801?mt=8&uo=4,com.auncharee.MatchingGameforBarneyandFriendsEdition,1091648801,2016-03-15 17:47:52
0,Metacria0401es,SmartUp Academy,https://itunes.apple.com/cn/app/smartup-academy/id1089195620?mt=8&uo=4,com.metacriacoes.smartup-academy,1089195620,2016-03-15 17:11:42
0,Sakda Setrin,仙女和公主图画书为孩子学龄前幼儿,https://itunes.apple.com/cn/app/xian-nu-he-gong-zhu-tu-hua/id1091422436?mt=8&uo=4,com.sakda.fairycoloringbook,1091422436,2016-03-15 17:04:05
0,GameiMax,Warehouse Spot The Differences,https://itunes.apple.com/cn/app/warehouse-spot-differences/id1088732342?mt=8&uo=4,com.gameimax.warehousespotthedifferences,1088732342,2016-03-15 16:18:48
0,GameiMax,My Village Spot The Difference,https://itunes.apple.com/cn/app/my-village-spot-difference/id1088575363?mt=8&uo=4,com.gameimax.myvillagespotthedifference,1088575363,2016-03-15 16:16:15
0,GameiMax,Real Spot The Differences,https://itunes.apple.com/cn/app/real-spot-the-differences/id1084619139?mt=8&uo=4,com.gameimax.realspotthedifferences,1084619139,2016-03-15 16:10:27
0,GameiMax,Haunted Land Of Hidden Objects,https://itunes.apple.com/cn/app/haunted-land-hidden-objects/id1089431878?mt=8&uo=4,com.gameimax.hauntedlandofhiddenobjects,1089431878,2016-03-15 15:49:39
0,GameiMax,Mystery Hidden Escape,https://itunes.apple.com/cn/app/mystery-hidden-escape/id1089430882?mt=8&uo=4,com.gameimax.mysteryhiddenescape,1089430882,2016-03-15 15:49:32
0,GameiMax,Criminal Hidden Escapes,https://itunes.apple.com/cn/app/criminal-hidden-escapes/id1089427929?mt=8&uo=4,com.gameimax.criminalhiddenescapes,1089427929,2016-03-15 15:49:31
0,GameiMax,Vintage Spot The Differences,https://itunes.apple.com/cn/app/vintage-spot-the-differences/id1084620781?mt=8&uo=4,com.gameimax.vintagespotthedifferences,1084620781,2016-03-15 15:49:17
0,Jignesh Roopareliya,Mommy At The Spa Salon,https://itunes.apple.com/cn/app/mommy-at-the-spa-salon/id1091996496?mt=8&uo=4,com.ignesh.MommyAtTheSpaSalon,1091996496,2016-03-15 23:25:37
0,Lei Yang,Fruit Crush - Lion's Adventure,https://itunes.apple.com/cn/app/fruit-crush-lions-adventure/id1091428596?mt=8&uo=4,com.forestfruit.crush,1091428596,2016-03-15 23:11:17
0,Lei Yang,Pet Pop － Pororo,https://itunes.apple.com/cn/app/pet-pop-pororo/id1091132727?mt=8&uo=4,com.pororo.bubbles,1091132727,2016-03-15 21:16:44
0,Lei Yang,Panda Bubble - Amazing Panda,https://itunes.apple.com/cn/app/panda-bubble-amazing-panda/id1091427339?mt=8&uo=4,toy.funny.panda.bubble,1091427339,2016-03-15 20:59:01
0,mihir raval,Baby Sport Injuries Doctor Game,https://itunes.apple.com/cn/app/baby-sport-injuries-doctor/id1091458647?mt=8&uo=4,com.mihir.BabySportInjuriesDoctorGame,1091458647,2016-03-15 20:08:49
0,mihir raval,little Baby Pony Care - Kids Games,https://itunes.apple.com/cn/app/little-baby-pony-care-kids/id1082975211?mt=8&uo=4,Com.Mihir.littleBabyPonyCare,1082975211,2016-03-15 19:42:19
0,Andrew Tong,Fruit Frenzy: Match And Smash The Fruit,https://itunes.apple.com/cn/app/fruit-frenzy-match-smash-fruit/id1091404733?mt=8&uo=4,com.tongstudios.fruitfrenzy,1091404733,2016-03-15 19:21:11
0,Julian Lessa Rey,Ice Cream Maker and Delivery For Dora Version,https://itunes.apple.com/cn/app/ice-cream-maker-delivery-for/id1091556819?mt=8&uo=4,com.jrey224.icecreamfordora,1091556819,2016-03-15 18:51:14
0,Derick Teo,Superhero Spot - Find the Difference Puzzle,https://itunes.apple.com/cn/app/superhero-spot-find-difference/id1091552647?mt=8&uo=4,com.derick.spot,1091552647,2016-03-15 18:48:03
0,Vladimir Poriadnikov,100 Doors Challenge,https://itunes.apple.com/cn/app/100-doors-challenge/id1089890170?mt=8&uo=4,com.protey.doors.challenge,1089890170,2016-03-15 18:47:08
0,Minhaj Uddin,Bloxum,https://itunes.apple.com/cn/app/bloxum/id1088297189?mt=8&uo=4,com.sinnisweet.bloxum,1088297189,2016-03-15 18:17:03
0,Chevella B.V.,BirdWiper,https://itunes.apple.com/cn/app/birdwiper/id738131884?mt=8&uo=4,nl.chevella.birdwiper,738131884,2016-03-15 17:36:50
0,KhalijTel FZC,Halawa Fruit Crush 1518191211 1512191711 17191912,https://itunes.apple.com/cn/app/halawa-fruit-crush-hlawt-fwakt/id1091249393?mt=8&uo=4,com.khalijtel.halawacrush,1091249393,2016-03-15 17:34:34
0,Sok Yin Yeong,Star Rising Chef,https://itunes.apple.com/cn/app/star-rising-chef/id1091585206?mt=8&uo=4,com.tashlik.StarRisingChefCOPY,1091585206,2016-03-15 17:02:21
0,Nhat Nguyen,A Sea Creatures Bloomer,https://itunes.apple.com/cn/app/a-sea-creatures-bloomer/id1091946794?mt=8&uo=4,com.nhat.a23a52,1091946794,2016-03-15 23:05:53
0,S.Mehdi Nabavi Zadeh,Bacteria Reaction,https://itunes.apple.com/cn/app/bacteria-reaction/id1091993648?mt=8&uo=4,com.multinetz.BacteriaReaction,1091993648,2016-03-15 22:59:49
0,Chris Egerter,i Fishing Match and Catch,https://itunes.apple.com/cn/app/i-fishing-match-and-catch/id1088580078?mt=8&uo=4,com.RockingPocketGames.iFishingMatchCatch,1088580078,2016-03-15 22:42:41
0,Fan Zhang,Wacky Puzzle,https://itunes.apple.com/cn/app/wacky-puzzle/id1091504783?mt=8&uo=4,com.wacky.puzzle,1091504783,2016-03-15 22:26:53
0,Yusuke Hara,Cat BangBang 3D,https://itunes.apple.com/cn/app/cat-bangbang-3d/id1089149177?mt=8&uo=4,com.nadsat.cbb,1089149177,2016-03-15 22:12:20
0,Lv Yisheng,吸血鬼女王的魔法沙龙 - 公主美容装扮/女孩化妆换装游戏,https://itunes.apple.com/cn/app/xi-xue-gui-nu-wang-mo-fa-sha/id1091898097?mt=8&uo=4,wangyangming.com.games.VampireQueensMagicSalon,1091898097,2016-03-15 21:53:00
0,Shuddh Desi LLC,PadaPragya,https://itunes.apple.com/cn/app/padapragya/id1083070120?mt=8&uo=4,com.ShuddhDesi.PadaPragya,1083070120,2016-03-15 20:58:01
0,xiaopeng li,2048 经典玩法,https://itunes.apple.com/cn/app/2048-jing-dian-wan-fa/id1089122844?mt=8&uo=4,com.li.2048,1089122844,2016-03-15 20:57:50
0,dai Dai,Onet Connect Animal 2,https://itunes.apple.com/cn/app/onet-connect-animal-2/id1091741778?mt=8&uo=4,com.game.onetconnectanimal2,1091741778,2016-03-15 20:57:18
0,Le Hoang,Crazy Brick - Break The Qubed,https://itunes.apple.com/cn/app/crazy-brick-break-the-qubed/id1090658423?mt=8&uo=4,com.instafunapp.ios16030517,1090658423,2016-03-15 20:48:01
0,Alex Kalina,brainjoy,https://itunes.apple.com/cn/app/brainjoy/id1087485076?mt=8&uo=4,ru.aleksey.brainjoy,1087485076,2016-03-15 19:54:38
0,Nhat Nguyen,A Sweet Donuts Bloomer,https://itunes.apple.com/cn/app/a-sweet-donuts-bloomer/id1091873538?mt=8&uo=4,com.nhat.a23a36,1091873538,2016-03-15 19:51:45
0,Nhat Nguyen,A Crown Jewels Jittery,https://itunes.apple.com/cn/app/a-crown-jewels-jittery/id1091874496?mt=8&uo=4,com.nhat.a38a32,1091874496,2016-03-15 19:50:12
0,Nhat Nguyen,A Flower Power Jittery,https://itunes.apple.com/cn/app/a-flower-power-jittery/id1091874160?mt=8&uo=4,com.nhat.a38a31,1091874160,2016-03-15 19:46:11
0,Li Zhiguo,点2点 - 免费益智数字连线游戏,https://itunes.apple.com/cn/app/dian2dian-mian-fei-yi-zhi/id1091493178?mt=8&uo=4,com.longlong.point2,1091493178,2016-03-15 19:41:05
0,Nhat Nguyen,A Magic Beans Jittery,https://itunes.apple.com/cn/app/a-magic-beans-jittery/id1091874510?mt=8&uo=4,com.nhat.a38a33,1091874510,2016-03-15 19:36:06
0,Fei Jin,Brain Speed X,https://itunes.apple.com/cn/app/brain-speed-x/id1088668152?mt=8&uo=4,cn.bgenius.BrainSpeed,1088668152,2016-03-15 19:16:13
0,Nhat Nguyen,A Scary Pumpkins Bloomer,https://itunes.apple.com/cn/app/a-scary-pumpkins-bloomer/id1091873554?mt=8&uo=4,com.nhat.a23a37,1091873554,2016-03-15 19:10:44
0,Ferdi Guliyev,CHIF Wheel,https://itunes.apple.com/cn/app/chif-wheel/id1090660247?mt=8&uo=4,com.wonderwheel.ferdiguliyev,1090660247,2016-03-15 18:58:18
0,Rui Huang,Lighting-A simple but interesting game,https://itunes.apple.com/cn/app/lighting-simple-but-interesting/id1091517092?mt=8&uo=4,com.HR.ButtonGame,1091517092,2016-03-15 18:51:00
0,Shuai Li,全民加数中：超好玩数字连线游戏，锻炼你的大脑！,https://itunes.apple.com/cn/app/quan-min-jia-shu-zhong-chao/id1074218065?mt=8&uo=4,com.candy.num123,1074218065,2016-03-15 18:24:48
0,nipon phuhoi,Adrenaline American Truck Racing 3D - Extreme Car Racing Simulators,https://itunes.apple.com/cn/app/adrenaline-american-truck/id1087313497?mt=8&uo=4,com.nipon.americantruck,1087313497,2016-03-15 19:07:28
0,Truong Nguyen,Moto Racer 3D : King Speed Racing Game,https://itunes.apple.com/cn/app/moto-racer-3d-king-speed-racing/id1089829720?mt=8&uo=4,com.motoracer.motoracerkingspeedracing,1089829720,2016-03-15 18:50:26
0,Free Flight Simulator Games,Moscow Flight Simulator,https://itunes.apple.com/cn/app/moscow-flight-simulator/id1090701120?mt=8&uo=4,com.freeflightsimulatorgames.moscowflightsimulator,1090701120,2016-03-15 18:47:57
0,Fran Garcia Moreno,Tune and drive your sports car,https://itunes.apple.com/cn/app/tune-and-drive-your-sports-car/id1086442179?mt=8&uo=4,com.frillsgames.needforextremedriving7,1086442179,2016-03-15 17:43:09
0,Thinh Nguyen,H57i T67c Bóng 03êm: Version Lù Reborn,https://itunes.apple.com/cn/app/hai-tac-bong-em-version-lu/id1059927057?mt=8&uo=4,vn.sohagame.sg120,1059927057,2016-03-15 20:59:41
0,wu zetian,萌宠小狗的装扮小屋 - 宠物明星 宠物沙龙 时尚宠物 可爱小狗,https://itunes.apple.com/cn/app/meng-chong-xiao-gou-zhuang/id1091139726?mt=8&uo=4,wuzetian.com.games.CuteDogMakeupGarden,1091139726,2016-03-15 20:35:27
0,Neeraj bedi,Battle with Zombies World of Cat Mania,https://itunes.apple.com/cn/app/battle-zombies-world-cat-mania/id1091215156?mt=8&uo=4,co.madhawk.cat.mania,1091215156,2016-03-15 19:18:54
0,Tapps Tecnologia da Informa0400o Ltda.,Fashion Fever - 超级模特换装游戏,https://itunes.apple.com/cn/app/fashion-fever-chao-ji-mo-te/id1083142061?mt=8&uo=4,br.com.tapps.fashionfever,1083142061,2016-03-15 18:23:09
0,yan sunrong,摩登熊猫的梦幻沙龙 - 化妆 换装 装扮 时尚宠物 宠物明星 熊猫巴士,https://itunes.apple.com/cn/app/mo-deng-xiong-mao-meng-huan/id1091422157?mt=8&uo=4,morning.com.games.ModernPandasDreamSalon,1091422157,2016-03-15 17:36:19
0,Syed Taha Nadeem Wasti,Full Basketball Game Free,https://itunes.apple.com/cn/app/full-basketball-game-free/id1092066433?mt=8&uo=4,koks.full.basketball.real.champ.free,1092066433,2016-03-15 16:47:33
0,Beansprites LLC,Bubble Snow Cones Candy Pop - Arcade Dessert Shooter Mania FREE,https://itunes.apple.com/cn/app/bubble-snow-cones-candy-pop/id1091407004?mt=8&uo=4,com.beansprites.bubblesnowconesFREE,1091407004,2016-03-15 16:16:49
0,Samira Jarko,The Another Impossible Game,https://itunes.apple.com/cn/app/the-another-impossible-game/id1089159124?mt=8&uo=4,com.t3cubed.anotherImpossibleGame,1089159124,2016-03-15 23:21:40
0,hamza khalid,Mini Golf 2016 : Real golf simulation 3D by BULKY SPORTS,https://itunes.apple.com/cn/app/mini-golf-2016-real-golf-simulation/id1089601410?mt=8&uo=4,com.BulkySports.MiniGolf2016,1089601410,2016-03-15 22:11:36
0,QiWei Liu,浴血三国：少年立志横扫三国征战天下，争霸战正式开启,https://itunes.apple.com/cn/app/yu-xue-san-guo-shao-nian-li/id1086447045?mt=8&uo=4,com.game.yxsg,1086447045,2016-03-15 21:34:18
0,ArgeWorld,EURO CUP SHOOTOUT SOCCER 3D,https://itunes.apple.com/cn/app/euro-cup-shootout-soccer-3d/id1091647207?mt=8&uo=4,com.argeworld.EuroCupShootout,1091647207,2016-03-15 21:13:17
0,Bricks & Goggles,Superyacht VR,https://itunes.apple.com/cn/app/superyacht-vr/id1089553750?mt=8&uo=4,com.BricksandGoggles.YPImobile,1089553750,2016-03-15 21:06:00
0,Philip Ricciardi,Color Match - Bounce the ball through switching colors,https://itunes.apple.com/cn/app/color-match-bounce-ball-through/id1090788395?mt=8&uo=4,colormatch1239,1090788395,2016-03-15 17:36:36
0,Paul Gadient,Golf Ball Water Globe,https://itunes.apple.com/cn/app/golf-ball-water-globe/id1076567491?mt=8&uo=4,com.paulgadient.golfballwaterglobe,1076567491,2016-03-15 17:13:48
0,Voolean,07210975392 852133,https://itunes.apple.com/cn/app/mansuleugeim2-geumsujeo/id1087293516?mt=8&uo=4,com.voolean.goldspoon,1087293516,2016-03-15 16:20:30
0,Weiwu Huang,2D热血灌篮高手实况黑子篮球投篮扣篮-免费单机体育动作戏,https://itunes.apple.com/cn/app/2d-re-xue-guan-lan-gao-shou/id1091507872?mt=8&uo=4,com.zstudio.basketballyoung,1091507872,2016-03-15 20:36:55
0,Syed Taha Nadeem Wasti,Lets Play Bowling 3D Free,https://itunes.apple.com/cn/app/lets-play-bowling-3d-free/id1091553550?mt=8&uo=4,wizloft.lets.play.bowling.strike.free,1091553550,2016-03-15 16:19:46
0,yoyo liang,重装战车-军事战争挂机放置类坦克世界游戏重装机兵机超级大战,https://itunes.apple.com/cn/app/zhong-zhuang-zhan-che-jun/id1090746967?mt=8&uo=4,air.lyl.HeavyChariot,1090746967,2016-03-15 22:58:15
0,"Sugarcane Network Technology Co., Ltd.",玩具机器人大战：超能英雄机器人,https://itunes.apple.com/cn/app/wan-ju-ji-qi-ren-da-zhan-chao/id1080251261?mt=8&uo=4,com.acoolgames.RobotMaxHero,1080251261,2016-03-15 21:54:25
0,XIU HUA FU,史诗帝国防御（中文版）（带剧情的战争策略游戏）,https://itunes.apple.com/cn/app/shi-shi-di-guo-fang-yu-zhong/id1089038596?mt=8&uo=4,com.atansoft.epdenfense,1089038596,2016-03-15 21:01:26
0,Chuanli Gan,Cube 3D Random Play,https://itunes.apple.com/cn/app/cube-3d-random-play/id1090956532?mt=8&uo=4,org.bitcall.cube3d,1090956532,2016-03-15 18:22:31
0,Nalin Thianthae,Quiz Books Question Puzzle Free C “ The Sims Video Games Edition ”,https://itunes.apple.com/cn/app/quiz-books-question-puzzle/id1090837847?mt=8&uo=4,com.ccmdeveloper.QuizBookSims,1090837847,2016-03-15 22:54:32
0,?? Sakaguchi,クイズ识 for モンスタ`ハンタ`版,https://itunes.apple.com/cn/app/kuizu-jian-ding-for-monsutahanta/id1092215801?mt=8&uo=4,net.jp.apps.korox.monster1,1092215801,2016-03-15 20:56:51
0,?? Sakaguchi,クイズ 日本の宿,https://itunes.apple.com/cn/app/kuizu-ri-benno-su-chang/id1092417048?mt=8&uo=4,net.jp.apps.korox.syukuba1,1092417048,2016-03-15 20:43:23
0,Hao Zhu,你有多色？ZH系列游戏,https://itunes.apple.com/cn/app/ni-you-duo-se-zh-xi-lie-you-xi/id1091189173?mt=8&uo=4,ZHU-Hao.ZHColorGame,1091189173,2016-03-15 19:15:28
0,Nasar Hasshu,Kite Trip Free,https://itunes.apple.com/cn/app/kite-trip-free/id1090470068?mt=8&uo=4,com.ZRZ.KiteTrip,1090470068,2016-03-15 17:57:43
0,Fatema Mahbub,Wrestler & Divas Photo Quiz for Ultimate Wrestling Games Trivia Free,https://itunes.apple.com/cn/app/wrestler-divas-photo-quiz/id1088558006?mt=8&uo=4,com.tamanna.wwe,1088558006,2016-03-15 17:45:18
0,Xinliang Guo,Balance-Me,https://itunes.apple.com/cn/app/balance-me/id1090716605?mt=8&uo=4,com.lovebeyond.balanceme,1090716605,2016-03-15 16:50:07
0,Goochai Chanlekla,Scratch The Pics : Boxing Legends Trivia Photo Reveal Games Free,https://itunes.apple.com/cn/app/scratch-pics-boxing-legends/id1091137326?mt=8&uo=4,com.ccmdeveloper.ScratchThePicsBoxing,1091137326,2016-03-15 16:45:48
0,?? Sakaguchi,クイズ识 for キティ version,https://itunes.apple.com/cn/app/kuizu-jian-ding-for-kiti-version/id1089971907?mt=8&uo=4,net.jp.apps.korox.kitty1,1089971907,2016-03-15 16:42:29
0,fatih sahin,05nlü Bulma Oyunu,https://itunes.apple.com/cn/app/unlu-bulma-oyunu/id1090544325?mt=8&uo=4,com.fatihsahin.unlubulmaoyunu,1090544325,2016-03-15 19:09:48
0,Edgars Vecozolins,盛开的地平线 - Alien vs Predator Version,https://itunes.apple.com/cn/app/sheng-kai-ping-xian-alien/id1091590552?mt=8&uo=4,com.stunt.avp,1091590552,2016-03-16 08:08:43
0,Juana Deyke,打线的世界的颜色方块：冒险如此美妙,https://itunes.apple.com/cn/app/da-xian-shi-jie-yan-se-fang/id1092009431?mt=8&uo=4,com.juanadeyke.hittheworldoflinewithcolorcubes,1092009431,2016-03-16 07:46:22
0,Raivo Dzelzskalns,找到收藏家 - Little Big Planet Version,https://itunes.apple.com/cn/app/zhao-dao-shou-cang-jia-little/id1091984119?mt=8&uo=4,com.spring.lit,1091984119,2016-03-16 07:46:15
0,Guntars Galvanovskis,忍者尖叫 - Jungle Gods 版,https://itunes.apple.com/cn/app/ren-zhe-jian-jiao-jungle-gods/id1091973562?mt=8&uo=4,com.flappy.gg,1091973562,2016-03-16 07:44:11
0,Anete Andzejevska,饥饿的熊 - Winnie Pooh 版,https://itunes.apple.com/cn/app/ji-e-de-xiong-winnie-pooh-ban/id1091553597?mt=8&uo=4,com.stunt.ww,1091553597,2016-03-16 07:37:34
0,Anete Andzejevska,教授旅行防爆实验室,https://itunes.apple.com/cn/app/jiao-shou-lu-xing-fang-bao/id1091554132?mt=8&uo=4,com.flappy.prr,1091554132,2016-03-16 07:30:04
0,Kate Glika,外星人入侵 - Alien Space Travel,https://itunes.apple.com/cn/app/wai-xing-ren-ru-qin-alien/id1091957149?mt=8&uo=4,com.flappy.inv,1091957149,2016-03-16 07:24:49
0,Edgars Vecozolins,更麻烦 - Regular Show Version,https://itunes.apple.com/cn/app/geng-ma-fan-regular-show-version/id1091501130?mt=8&uo=4,com.stunt.reg,1091501130,2016-03-16 07:10:45
0,Jolta Technology,3D Cargo Transporter,https://itunes.apple.com/cn/app/3d-cargo-transporter/id1089425589?mt=8&uo=4,com.cargo.transporter.3D,1089425589,2016-03-16 07:05:29
0,Nutsplay,Clash of Pirates,https://itunes.apple.com/cn/app/clash-of-pirates/id1068810029?mt=8&uo=4,com.nutsplay.pirates,1068810029,2016-03-16 06:58:45
0,Pham Thi Hue,"Naughty Mummy - Run, Jump & Race",https://itunes.apple.com/cn/app/naughty-mummy-run-jump-race/id1084605443?mt=8&uo=4,com.dnv6.game543,1084605443,2016-03-16 06:40:38
0,Pham Thi Hue,Jumping Gnome,https://itunes.apple.com/cn/app/jumping-gnome/id1084637851?mt=8&uo=4,com.dnv6.game545,1084637851,2016-03-16 06:01:59
0,Hiep Nguyen,Gamin’s Adventure,https://itunes.apple.com/cn/app/gamins-adventure/id1080577190?mt=8&uo=4,com.dnv7.game530,1080577190,2016-03-16 05:37:36
0,Cao Xuan Hoai Vuong,Sweet Bubble Shooter Story Mania,https://itunes.apple.com/cn/app/sweet-bubble-shooter-story/id1091953756?mt=8&uo=4,com.g.game.bubbleshooter2016,1091953756,2016-03-16 05:35:22
0,Goro Sato,Escape Game: Relief,https://itunes.apple.com/cn/app/escape-game-relief/id1088172195?mt=8&uo=4,com.gato.Escape15,1088172195,2016-03-16 04:56:40
0,Inbarasu Govindaraj,683-Magnificent Escape 2,https://itunes.apple.com/cn/app/683-magnificent-escape-2/id1087259608?mt=8&uo=4,com.enagamestudio.683,1087259608,2016-03-16 04:09:28
0,Nguyen Hoan Long,Color Jump It Up,https://itunes.apple.com/cn/app/color-jump-it-up/id1091429408?mt=8&uo=4,com.ofvn.ColorSwitchJumpItUp,1091429408,2016-03-16 03:20:27
0,Lantansia,Extinct - Escape from the Labyrinth,https://itunes.apple.com/cn/app/extinct-escape-from-labyrinth/id1073026699?mt=8&uo=4,com.lantansia.extinct,1073026699,2016-03-16 02:42:36
0,"ACTKEY CO., LTD.",【脱出ゲ`ム】gr生放送してみた～友人宅からの脱出？～,https://itunes.apple.com/cn/app/tuo-chugemu-shi-kuang-sheng/id1090377795?mt=8&uo=4,jp.actkey.namahousou,1090377795,2016-03-16 02:30:32
0,TAHSEEN MAJID,Happy Bubbles Fun Mania 2016,https://itunes.apple.com/cn/app/happy-bubbles-fun-mania-2016/id1089852011?mt=8&uo=4,com.HappyBubblesFunMania2016,1089852011,2016-03-16 01:15:40
0,LJ Williams,Hungry Whale,https://itunes.apple.com/cn/app/hungry-whale/id995481532?mt=8&uo=4,com.kisamagaming.hungrywhale,995481532,2016-03-16 01:08:01
0,Adil Dar,Fun Of Beasty - Elephant Joy,https://itunes.apple.com/cn/app/fun-of-beasty-elephant-joy/id1066242929?mt=8&uo=4,com.santadentalanatomyfun,1066242929,2016-03-16 01:07:00
0,Hiep Nguyen,Rage of Gods : Angry Gladiator,https://itunes.apple.com/cn/app/rage-of-gods-angry-gladiator/id1088223607?mt=8&uo=4,com.dnv7.game578,1088223607,2016-03-16 00:51:49
0,Jianyi Jin,超级伐木工3D-史上最虐心游戏疯狂伐木工砍树,https://itunes.apple.com/cn/app/chao-ji-fa-mu-gong3d-shi-shang/id1085993894?mt=8&uo=4,com.jchgame.famugong,1085993894,2016-03-16 00:51:01
0,Hiep Nguyen,Flick Death - Luffy Version Fighter,https://itunes.apple.com/cn/app/flick-death-luffy-version/id1088175564?mt=8&uo=4,com.dnv7.game576,1088175564,2016-03-16 00:46:35
0,AppsNice,Swap Colors,https://itunes.apple.com/cn/app/swap-colors/id1089040454?mt=8&uo=4,com.appsnice.colorswitch,1089040454,2016-03-16 00:01:12
0,Tayga Games OOO,African Craft Survival Simulator 3D,https://itunes.apple.com/cn/app/african-craft-survival-simulator/id1089068469?mt=8&uo=4,com.taigagames.africancraftfree,1089068469,2016-03-15 23:47:38
0,takashi nagata,クイズ识 for モンスタ`ハンタ`,https://itunes.apple.com/cn/app/kuizu-jian-ding-for-monsutahanta/id1092350503?mt=8&uo=4,net.jp.apps.takashinagata.MonsterHanter,1092350503,2016-03-15 23:40:27
0,Gatis Melderis,形状亚军,https://itunes.apple.com/cn/app/xing-zhuang-ya-jun/id1091243939?mt=8&uo=4,com.fappy.sh,1091243939,2016-03-16 07:51:25
0,Guntars Galvanovskis,兜风 - Lucky Fred 版,https://itunes.apple.com/cn/app/dou-feng-lucky-fred-ban/id1091959556?mt=8&uo=4,com.spring.li,1091959556,2016-03-16 07:39:26
0,Appsolute Games LLC,Stick Jumpers,https://itunes.apple.com/cn/app/stick-jumpers/id1059065856?mt=8&uo=4,com.appsolutegames.stickjump,1059065856,2016-03-16 07:34:47
0,Thanh Nguyen,Sky Wars Funny,https://itunes.apple.com/cn/app/sky-wars-funny/id1091951800?mt=8&uo=4,vn.com.vng.skywarfun,1091951800,2016-03-16 07:01:26
0,Juan Sanchez Gabriel,Serauqs,https://itunes.apple.com/cn/app/serauqs/id1091502828?mt=8&uo=4,com.kay9.serauqs,1091502828,2016-03-16 06:52:50
0,Paul Chin,SkyCar Race,https://itunes.apple.com/cn/app/skycar-race/id1091269596?mt=8&uo=4,net.androidresearch.skycarace,1091269596,2016-03-16 04:13:45
0,Pham Thi Hue,Little Fighter 2 Combat,https://itunes.apple.com/cn/app/little-fighter-2-combat/id1092838894?mt=8&uo=4,com.dnv6.game637,1092838894,2016-03-16 04:05:18
0,"PTT Solution., Inc",哆啦A梦钓鱼2,https://itunes.apple.com/cn/app/duo-laa-meng-diao-yu2/id576145605?mt=8&uo=4,com.ptt-solution.DoraemonFishing2JP,576145605,2016-03-16 03:45:27
0,Mengxia Yan,太空捕鱼,https://itunes.apple.com/cn/app/tai-kong-bu-yu/id1079321413?mt=8&uo=4,com.tb.game.airplane,1079321413,2016-03-16 03:22:39
0,Moises Moya,Space Dodge II Free,https://itunes.apple.com/cn/app/space-dodge-ii-free/id1092028100?mt=8&uo=4,com.creatusapps.SpaceDodge,1092028100,2016-03-16 02:57:44
0,Audley Gordon,Pendulum Challenge,https://itunes.apple.com/cn/app/pendulum-challenge/id1071118256?mt=8&uo=4,com.audleygordon.pendulumchallenge,1071118256,2016-03-16 02:39:11
0,Yuanyuan Jian,满贯捕鱼----新版捕鱼多玩法高爆率赢取神秘大奖,https://itunes.apple.com/cn/app/man-guan-bu-yu-xin-ban-bu/id1073839864?mt=8&uo=4,com.soonyo.fishing,1073839864,2016-03-16 02:36:35
0,Pham Thi Hue,I am Master,https://itunes.apple.com/cn/app/i-am-master/id1093058768?mt=8&uo=4,com.dnv6.game643,1093058768,2016-03-16 01:20:05
0,"QuickTurtle Co., Ltd.",I don't hear ya!,https://itunes.apple.com/cn/app/i-dont-hear-ya!/id1091183761?mt=8&uo=4,com.quickturtle.DontHear-en,1091183761,2016-03-16 01:13:47
0,Syed Ahmed,Droppy Cones,https://itunes.apple.com/cn/app/droppy-cones/id1091985661?mt=8&uo=4,com.kingstudios,1091985661,2016-03-16 01:09:48
0,Syed Sohaib Ali,蜘蛛男孩,https://itunes.apple.com/cn/app/zhi-zhu-nan-hai/id1073894634?mt=8&uo=4,com.theappmedia.spiderboy,1073894634,2016-03-16 01:07:08
0,Ian Barr,SlideBall Xtreme,https://itunes.apple.com/cn/app/slideball-xtreme/id993614443?mt=8&uo=4,com.guangri.slideball,993614443,2016-03-16 01:05:42
0,Timur Taepov,Move High - Endless Action Game,https://itunes.apple.com/cn/app/move-high-endless-action-game/id1091983822?mt=8&uo=4,co.justforward.movehigh,1091983822,2016-03-16 01:02:06
0,Huu Da Vu,Pet Bubble Puzzel Shoot Classic,https://itunes.apple.com/cn/app/pet-bubble-puzzel-shoot-classic/id1091993941?mt=8&uo=4,com.hm.game.bubbleclassic2016,1091993941,2016-03-16 00:45:55
0,Electricity Holding Company,Nama Green Energy,https://itunes.apple.com/cn/app/nama-green-energy/id1090734640?mt=8&uo=4,com.echoman.greenenergy,1090734640,2016-03-16 00:42:06
0,Hong bo,捕鱼王2,https://itunes.apple.com/cn/app/bu-yu-wang2/id1087211777?mt=8&uo=4,com.qunl.Hunter,1087211777,2016-03-16 00:22:53
0,Wurzel Medien GmbH,W-MG Spiel,https://itunes.apple.com/cn/app/w-mg-spiel/id1087306919?mt=8&uo=4,com.w-mg.wmgSpiel,1087306919,2016-03-16 00:20:13
0,Eric Hein,Jump Legends,https://itunes.apple.com/cn/app/jump-legends/id1040089740?mt=8&uo=4,com.ehein.EM002,1040089740,2016-03-16 00:13:50
0,Gavin Nichols,Stick-Man Epic Battle-Field Jump-er Obstacle Course,https://itunes.apple.com/cn/app/stick-man-epic-battle-field/id1091717596?mt=8&uo=4,com.gavin.stickdangobs,1091717596,2016-03-16 00:09:56
0,Hiep Nguyen,Kingdom War TD - Play the Best Action Defense Games,https://itunes.apple.com/cn/app/kingdom-war-td-play-best-action/id1088199173?mt=8&uo=4,com.dnv7.game572,1088199173,2016-03-16 00:03:54
0,You Qing Zhong,单机斗地主 - 休闲经典免费扑克棋牌游戏合集，全民最爱天天玩,https://itunes.apple.com/cn/app/dan-ji-dou-zhu-xiu-xian-jing/id1090406722?mt=8&uo=4,A001002,1090406722,2016-03-16 07:22:00
0,Lei Zhong,明星酷跑2016经典版 - 一起奔跑吧兄弟! 单机免费免流量也能玩的跑酷游戏哦！,https://itunes.apple.com/cn/app/ming-xing-ku-pao2016jing-dian/id1090843605?mt=8&uo=4,com.hifun.jsqj3,1090843605,2016-03-16 07:01:22
0,Adrian Debbeler,d4-d5,https://itunes.apple.com/cn/app/d4-d5/id1091749080?mt=8&uo=4,net.d4-d5.d4d5,1091749080,2016-03-16 06:31:04
0,Japheth Lagos,White Ghost Explosion - Super Descent Universe,https://itunes.apple.com/cn/app/white-ghost-explosion-super/id1090753104?mt=8&uo=4,com.greatgames.WhiteGhost,1090753104,2016-03-16 04:29:38
0,You Qing Zhong,单机麻将 - 休闲经典免费棋牌类游戏大厅合集，全民最爱天天玩,https://itunes.apple.com/cn/app/dan-ji-ma-jiang-xiu-xian-jing/id1090407042?mt=8&uo=4,B000302,1090407042,2016-03-16 02:05:46
0,Gaetano Consiglio,单人纸牌游戏 - 夏天,https://itunes.apple.com/cn/app/dan-ren-zhi-pai-you-xi-xia-tian/id1090940538?mt=8&uo=4,com.gaetanoconsiglio.solitairepatiencesummer,1090940538,2016-03-16 01:19:51
0,Dmitrii Golotin,Нарды короткие,https://itunes.apple.com/cn/app/nardy-korotkie/id1090514921?mt=8&uo=4,sk.mladyumelec.backgammon-real.Backgammon,1090514921,2016-03-16 00:52:23
0,Lu Zhou,不停插入,https://itunes.apple.com/cn/app/bu-ting-cha-ru/id1091453441?mt=8&uo=4,com.ader.stick,1091453441,2016-03-15 23:58:04
0,Wanderley Rabelo Filho,Hallow's Night Slots - Spin & Win Prizes with the Classic Las Vegas Ace Machine,https://itunes.apple.com/cn/app/hallows-night-slots-spin-win/id1091169334?mt=8&uo=4,com.deckard.auto.hallowaab,1091169334,2016-03-16 07:30:17
0,LE LOAN,777 Classic Casino Slots Casino New York: Free HD,https://itunes.apple.com/cn/app/777-classic-casino-slots-casino/id1090834387?mt=8&uo=4,com.yyyjjj321011111.777,1090834387,2016-03-16 06:51:48
0,Nguyen Hieu,777 Awesome Casino Party Slots: Spins Slots Machines!,https://itunes.apple.com/cn/app/777-awesome-casino-party-slots/id1080598440?mt=8&uo=4,com.58Spinnnnnqqqqqqqq.777,1080598440,2016-03-16 05:05:45
0,Khang Nguyen,777 Star Slots Machines: Free Casino Game,https://itunes.apple.com/cn/app/777-star-slots-machines-free/id1073328301?mt=8&uo=4,com.ELLaaaaa12.777Aw,1073328301,2016-03-16 05:03:27
0,Khang Nguyen,777 Fruit Slots: Free Coins Sloto Game,https://itunes.apple.com/cn/app/777-fruit-slots-free-coins/id1073791256?mt=8&uo=4,com.Panne112.777Aw,1073791256,2016-03-16 05:02:33
0,Andre Moreira,A Aces 777 My Vegas Slots Rich Casino,https://itunes.apple.com/cn/app/aces-777-my-vegas-slots-rich/id1091535236?mt=8&uo=4,com.grupomusashi.090316,1091535236,2016-03-16 03:06:07
0,Youda Games Holding B.V.,Blackjack 21 - ENDLESS & FREE,https://itunes.apple.com/cn/app/blackjack-21-endless-free/id1084331576?mt=8&uo=4,com.youdagames.blackjack,1084331576,2016-03-16 02:25:38
0,SUN TEAME PTE. LTD.,White Wind Slots - Native Americans Casino Slot Machine,https://itunes.apple.com/cn/app/white-wind-slots-native-americans/id1089604832?mt=8&uo=4,com.whitewindslots.slots,1089604832,2016-03-16 01:27:45
0,anna carolina alves,All Clowns Slots,https://itunes.apple.com/cn/app/all-clowns-slots/id1090695072?mt=8&uo=4,com.anaccagames.allclownsslots,1090695072,2016-03-16 01:10:36
0,Khang Nguyen,777 Free Car Slots Machines Game,https://itunes.apple.com/cn/app/777-free-car-slots-machines/id1073323431?mt=8&uo=4,com.Table123.777Aw,1073323431,2016-03-16 01:09:48
0,Debora Rocha,101 Ceasar of Vegas Fortune Slots Super Lucky Reels,https://itunes.apple.com/cn/app/101-ceasar-vegas-fortune-slots/id1087773894?mt=8&uo=4,com.deboragamesamsterdam.455,1087773894,2016-03-16 07:59:56
0,Debora Rocha,Shopping Mania Amazing Las Vegas - Free Slot Machines Casino,https://itunes.apple.com/cn/app/shopping-mania-amazing-las/id1092975259?mt=8&uo=4,com.deboragamesamsterdam.499,1092975259,2016-03-16 07:51:41
0,Pham Thi Hue,Gods of Heaven : Kingdom of Riches - Play Fun Themed Casino,https://itunes.apple.com/cn/app/gods-heaven-kingdom-riches/id1073821507?mt=8&uo=4,com.dnv6c.game066,1073821507,2016-03-16 06:14:57
0,Auriel Cristian da Silveira Vasconcelos,``` 2016 ``` A Big Party Casino - Free Slots Game,https://itunes.apple.com/cn/app/2016-big-party-casino-free/id1090679140?mt=8&uo=4,com.amberslots.bigparty,1090679140,2016-03-16 04:34:37
0,Auriel Cristian da Silveira Vasconcelos,``` 2016 ``` A Magnificent Slots - Free Slots Game,https://itunes.apple.com/cn/app/2016-magnificent-slots-free/id1089820028?mt=8&uo=4,com.amberslots.magnificentslots,1089820028,2016-03-16 04:33:57
0,Ivania Sousa,A Super Amazing Gambler Slots Game - FREE Slots Machine Game,https://itunes.apple.com/cn/app/super-amazing-gambler-slots/id1090154855?mt=8&uo=4,com.boomer.asuperamazinggamblerslotsgame,1090154855,2016-03-16 03:59:45
0,Bruno Almeida,21 Reward Amazing Las Vegas - Las Vegas Free Slots Machines,https://itunes.apple.com/cn/app/21-reward-amazing-las-vegas/id1091198574?mt=8&uo=4,com.brunogames.a32,1091198574,2016-03-16 03:47:48
0,Bruno Almeida,888 Amazing Amsterdam Winner Slots Machines - Free Slot Machine Game,https://itunes.apple.com/cn/app/888-amazing-amsterdam-winner/id1091034528?mt=8&uo=4,com.brunogames.a26,1091034528,2016-03-16 03:47:43
0,Bruno Almeida,Hit Big Lucky Machines - Free Amazing Casino,https://itunes.apple.com/cn/app/hit-big-lucky-machines-free/id1091214575?mt=8&uo=4,com.brunogames.a36,1091214575,2016-03-16 03:47:43
0,Davi Soares,Fun With You Machine Slot - Version 2016 Free,https://itunes.apple.com/cn/app/fun-you-machine-slot-version/id1081866369?mt=8&uo=4,com.davisoaresapps.541,1081866369,2016-03-16 03:34:24
0,Davi Soares,AAA Multi Reel Machine Slot - FREE Game of Casino,https://itunes.apple.com/cn/app/aaa-multi-reel-machine-slot/id1081867095?mt=8&uo=4,com.davisoaresapps.542,1081867095,2016-03-16 03:34:20
0,Davi Soares,Casino Atlantis Vip Slots - Free Machine Slots,https://itunes.apple.com/cn/app/casino-atlantis-vip-slots/id1081888191?mt=8&uo=4,com.davisoaresapps.545,1081888191,2016-03-16 03:34:18
0,Davi Soares,101 Star Spins Best Deal or No - Play Game Machine Slots,https://itunes.apple.com/cn/app/101-star-spins-best-deal-or/id1081889752?mt=8&uo=4,com.davisoaresapps.546,1081889752,2016-03-16 03:34:15
0,Ana Oliveira,A Abu Dhabi Emirados Classic Slots Games,https://itunes.apple.com/cn/app/abu-dhabi-emirados-classic/id1089246953?mt=8&uo=4,com.dggames.777aabudhabiemiradosclassicslotsgames,1089246953,2016-03-16 03:26:47
0,Tadashi Deguchi,Connect Dots ROYAL - Puzzle Game,https://itunes.apple.com/cn/app/connect-dots-royal-puzzle/id1091127331?mt=8&uo=4,tadashi.deguchi.OneLineROYAL,1091127331,2016-03-16 03:20:26
0,Elisa Carvalho,Absolute Vegas Golden Slots,https://itunes.apple.com/cn/app/absolute-vegas-golden-slots/id1091094435?mt=8&uo=4,com.ebisouapps04.absolutevegasgoldenslots,1091094435,2016-03-16 03:09:09
0,Davi Soares,Double Up Casino Dubai 888 - New Casino of Las Vegas Game FREE,https://itunes.apple.com/cn/app/double-up-casino-dubai-888/id1081916032?mt=8&uo=4,com.davisoaresapps.550,1081916032,2016-03-16 03:06:33
0,Davi Soares,Golden Mirage Casino Slot - FREE Slots Casino Game,https://itunes.apple.com/cn/app/golden-mirage-casino-slot/id1084453434?mt=8&uo=4,com.davisoaresapps.594,1084453434,2016-03-16 03:06:33
0,Davi Soares,Heaven and Hell Slot Machine - Play Game of Casino Winner Money,https://itunes.apple.com/cn/app/heaven-hell-slot-machine-play/id1084451284?mt=8&uo=4,com.davisoaresapps.593,1084451284,2016-03-16 03:06:33
0,Davi Soares,Winner Gold in Vegas Slot Machine - Free Game Slot,https://itunes.apple.com/cn/app/winner-gold-in-vegas-slot/id1084450823?mt=8&uo=4,com.davisoaresapps.592,1084450823,2016-03-16 03:06:33
0,Pham Tuan,Xu Chieng,https://itunes.apple.com/cn/app/xu-chieng/id1052692109?mt=8&uo=4,com.test.xuchieng,1052692109,2016-03-16 03:03:02
0,SUN TEAME PTE. LTD.,Pin Up America Slots - Free Las Vegas Slot Machine,https://itunes.apple.com/cn/app/pin-up-america-slots-free/id1089600683?mt=8&uo=4,com.pinupamericaslots.slots,1089600683,2016-03-16 02:21:32
0,McLegacy LLC,广场罢工高炉最多精简版玩转街机游戏免费,https://itunes.apple.com/cn/app/guang-chang-ba-gong-gao-lu/id1072266292?mt=8&uo=4,com.mclegacy.meltdownup,1072266292,2016-03-16 03:12:44
0,Cristian Teixeira,Amazing Carnival in Brazil Video - FREE SLOTS,https://itunes.apple.com/cn/app/amazing-carnival-in-brazil/id1088565135?mt=8&uo=4,com.crisgames.462,1088565135,2016-03-16 01:53:41
0,SERGIO DANTAS,A New Edition Doubleslots Casino Gambler Game - FREE Classic Slots,https://itunes.apple.com/cn/app/new-edition-doubleslots-casino/id1090684189?mt=8&uo=4,com.betsgame.adoubleslotscasinogamblerslotsgame,1090684189,2016-03-16 01:52:39
0,Cristian Teixeira,777 Amazing Of Vegas Slots - FREE CASINO,https://itunes.apple.com/cn/app/777-amazing-vegas-slots-free/id1087626417?mt=8&uo=4,com.crisgames.433,1087626417,2016-03-16 01:49:49
0,Intelligence Technology K.K,麻雀の女神 - 全国の雀士とf力マルチプレイできるマ`ジャンゲ`ム,https://itunes.apple.com/cn/app/ma-queno-nu-shen-quan-guono/id996015363?mt=8&uo=4,com.itigm.casinomj,996015363,2016-03-16 01:42:08
0,LE HUNG,Big Hit 777 Slots HD - Spin & Win 2016 Grand Casino,https://itunes.apple.com/cn/app/big-hit-777-slots-hd-spin/id1090920679?mt=8&uo=4,com.instafunapp.1602128,1090920679,2016-03-16 00:59:26
0,Huong Nguyen,777 Quick Hit Mega Win HD Slots - Play Best Pocket Casino Games,https://itunes.apple.com/cn/app/777-quick-hit-mega-win-hd/id1090635542?mt=8&uo=4,com.instafunapp.16021916,1090635542,2016-03-16 00:59:26
0,Le Hoang,777 Super Rich American FREE Slots Way,https://itunes.apple.com/cn/app/777-super-rich-american-free/id1090080861?mt=8&uo=4,com.instafunapp.16021813,1090080861,2016-03-16 00:59:23
0,Chung Nguyen,Amazing Double Hit FREE Slots - Best Spin & Deal Machines,https://itunes.apple.com/cn/app/amazing-double-hit-free-slots/id1088564102?mt=8&uo=4,com.instafunapp.1602179,1088564102,2016-03-16 00:54:14
0,SUN TEAME PTE. LTD.,Arabian Fairy Tales Slots - 1001 Arabian Nights,https://itunes.apple.com/cn/app/arabian-fairy-tales-slots/id1089595301?mt=8&uo=4,com.arabianfairytales.slots,1089595301,2016-03-16 00:22:22
0,SUN TEAME PTE. LTD.,Slender Man Slots - Dark Forest Casino Las Vegas Slot Machine,https://itunes.apple.com/cn/app/slender-man-slots-dark-forest/id1089603290?mt=8&uo=4,com.slendermanslots.slots,1089603290,2016-03-16 00:00:47
0,You Qing Zhong,祖玛音符 - 开心消消乐经典休闲益智小游戏免费,https://itunes.apple.com/cn/app/zu-ma-yin-fu-kai-xin-xiao/id1090410631?mt=8&uo=4,F000502,1090410631,2016-03-16 07:46:34
0,Chanwit Sukcharoen,Kids Coloring for le go ninja Version,https://itunes.apple.com/cn/app/kids-coloring-for-le-go-ninja/id1092044433?mt=8&uo=4,com.chwtsukapps.ningocoloring,1092044433,2016-03-16 03:24:49
0,Zain Zafar,"Cute Doll Hair Salon - Wash, Dry,Design, Style & Color Doll's Hair",https://itunes.apple.com/cn/app/cute-doll-hair-salon-wash/id1084710141?mt=8&uo=4,com.1tech.hair.doll,1084710141,2016-03-16 02:41:31
0,Le Zhao,开心做大餐 - 布置做饭烹饪物语，女生儿童小游戏免费大全,https://itunes.apple.com/cn/app/kai-xin-zuo-da-can-bu-zhi/id1089491588?mt=8&uo=4,hz.game.33322,1089491588,2016-03-16 02:23:16
0,Nikolay Smorgun,Patrick Japanese Crossword - The Most Green Nonogram,https://itunes.apple.com/cn/app/patrick-japanese-crossword/id1088876651?mt=8&uo=4,com.Nikolay-Smorgun.Patrick-Japanese-Crossword,1088876651,2016-03-16 01:27:30
0,Dige2 Limited,My Little Kingdom - ABC Emotion Crush,https://itunes.apple.com/cn/app/my-little-kingdom-abc-emotion/id1091446651?mt=8&uo=4,com.dige2.abcemotioncrush,1091446651,2016-03-16 01:26:12
0,Libii Girls Game,布莱尔的时装店：校园风尚,https://itunes.apple.com/cn/app/bu-lai-er-shi-zhuang-dian/id1087794628?mt=8&uo=4,com.libii.schoolboutiquecn,1087794628,2016-03-16 01:15:22
0,Apps-O-Rama,KleptoCats,https://itunes.apple.com/cn/app/kleptocats/id1083229791?mt=8&uo=4,com.appsorama.kleptocats1,1083229791,2016-03-16 05:29:51
0,sathaporn khwannakorn,Monster Dots Fighter Games,https://itunes.apple.com/cn/app/monster-dots-fighter-games/id1090609638?mt=8&uo=4,com.kanapot.monsterdotsfighter,1090609638,2016-03-16 01:46:16
0,Thai Nguyen,Jumping Ball - Twist Ball With Wheel Ball and Jelly Ball - Over 100 balls,https://itunes.apple.com/cn/app/jumping-ball-twist-ball-wheel/id1091908065?mt=8&uo=4,com.thainguyen.jumpingball,1091908065,2016-03-16 01:32:22
0,nianchun zheng,披萨大师制作――城堡美食烹饪&西式料理,https://itunes.apple.com/cn/app/pi-sa-da-shi-zhi-zuo-cheng/id1091455219?mt=8&uo=4,youkongwan.cn.games.MasterPizzaMaker,1091455219,2016-03-16 01:11:24
0,Cartoon Mobile Inc.,Dog Evolution - Tap Coins of the Alien Crazy Mutant Poop Clicker Animal Fun Game,https://itunes.apple.com/cn/app/dog-evolution-tap-coins-alien/id1081300467?mt=8&uo=4,com.cmflappy.dog-evolution-a,1081300467,2016-03-16 00:19:46
0,Lei Yang,Miro's Adventure,https://itunes.apple.com/cn/app/miros-adventure/id1091428903?mt=8&uo=4,com.miro.match,1091428903,2016-03-15 23:36:29
0,NORDPORTMEDIA,Remove the Lamps - Free,https://itunes.apple.com/cn/app/remove-the-lamps-free/id1091231554?mt=8&uo=4,de.nordportmedia.IOSID0224T0015FREE,1091231554,2016-03-16 08:06:04
0,HaiZhi Sun,贪吃兔子大冒险,https://itunes.apple.com/cn/app/tan-chi-tu-zi-da-mao-xian/id1087230862?mt=8&uo=4,greedyrabbitadventure.freegames.us,1087230862,2016-03-16 07:47:51
0,HaiZhi Sun,英勇射击,https://itunes.apple.com/cn/app/ying-yong-she-ji/id1089877620?mt=8&uo=4,braveshot.freegames.us,1089877620,2016-03-16 07:47:46
0,HaiZhi Sun,萌萌小怪吃甜食-萌宠小怪物,https://itunes.apple.com/cn/app/meng-meng-xiao-guai-chi-tian/id1089857677?mt=8&uo=4,lovelymobseatsweets.freegames.us,1089857677,2016-03-16 07:47:43
0,Roman Frontage Games LLC,Color 8 Puzzle,https://itunes.apple.com/cn/app/color-8-puzzle/id1086473384?mt=8&uo=4,com.romanfrontagegames.color8puzzle,1086473384,2016-03-16 07:09:08
0,Kiran Bargale,cupcake crush fun mix addictive soda switch,https://itunes.apple.com/cn/app/cupcake-crush-fun-mix-addictive/id1091996556?mt=8&uo=4,com.at.CUPCAKE2,1091996556,2016-03-16 05:14:39
0,Detention Apps,Hidden Objects C Easter & Object Time Puzzle Spring Gardens Differences Search Game,https://itunes.apple.com/cn/app/hidden-objects-easter-object/id1090997498?mt=8&uo=4,com.detentionapps.hiddenobjectseaster,1090997498,2016-03-16 04:29:03
0,GameOnX,Phynger,https://itunes.apple.com/cn/app/phynger/id1079045031?mt=8&uo=4,com.Ortac.Phynger,1079045031,2016-03-16 04:15:56
0,Kevin White,Animal Sudoku Touch,https://itunes.apple.com/cn/app/animal-sudoku-touch/id1092040672?mt=8&uo=4,com.myGame.animal,1092040672,2016-03-16 03:55:55
0,Emre Demir,Kelime Kap,https://itunes.apple.com/cn/app/kelime-kap/id1075840107?mt=8&uo=4,com.embagames.kelimekap,1075840107,2016-03-16 03:34:49
0,Nhat Nguyen,A Sour Limes Jittery,https://itunes.apple.com/cn/app/a-sour-limes-jittery/id1091874823?mt=8&uo=4,com.nhat.a38a34,1091874823,2016-03-16 03:24:49
0,Fabio Cunha,开花触摸 - 连接并蓬勃发展,https://itunes.apple.com/cn/app/kai-hua-chu-mo-lian-jie-bing/id1080973854?mt=8&uo=4,com.uaialternativa.blossomtouchconnectandflourish,1080973854,2016-03-16 03:06:07
0,Oliver Kelly,Unstopable,https://itunes.apple.com/cn/app/unstopable/id1091174291?mt=8&uo=4,com.kelly.unstopable,1091174291,2016-03-16 02:16:56
0,cheng luo,"经典消除俄罗斯方块 -- 1010!,我的世界,俄罗斯方块,洛克人,超级玛丽",https://itunes.apple.com/cn/app/jing-dian-xiao-chu-e-luo-si/id1090259292?mt=8&uo=4,com.al.fourthtetris,1090259292,2016-03-16 02:01:07
0,Geekme,Geek and Win,https://itunes.apple.com/cn/app/geek-and-win/id1074242899?mt=8&uo=4,de.geekme.geekandwin,1074242899,2016-03-16 01:37:14
0,peipei xiao,"别闹强迫症2(史上最难最逵蜗,最坑爹最牛闯关游戏)",https://itunes.apple.com/cn/app/bie-nao-qiang-po-zheng2-shi/id1090740011?mt=8&uo=4,com.deepsea.book.two,1090740011,2016-03-16 01:29:27
0,QM,Twisted Letter Free,https://itunes.apple.com/cn/app/twisted-letter-free/id1080623539?mt=8&uo=4,com.twistedfree.twistedlettersfree,1080623539,2016-03-16 00:13:34
0,Yoshinori Matsuda,パズルグミ,https://itunes.apple.com/cn/app/pazurugumi/id1088643032?mt=8&uo=4,com.outlook.aightd.puzzlejem,1088643032,2016-03-16 00:22:28
0,Willnet,Game of faces,https://itunes.apple.com/cn/app/game-of-faces/id956731905?mt=8&uo=4,com.4h.facemania,956731905,2016-03-16 00:11:16
0,Hua Li,宝石灵龙,https://itunes.apple.com/cn/app/bao-shi-ling-long/id1089436333?mt=8&uo=4,com.zckj.bsll,1089436333,2016-03-15 23:33:28
0,Mustafa Er,Jeep Driving City Traffic Parking Simulator,https://itunes.apple.com/cn/app/jeep-driving-city-traffic/id1090803647?mt=8&uo=4,com.ErGames.TrafficOffroadParking,1090803647,2016-03-16 06:31:53
0,"Tapinator, Inc.",Snow Rescue Operations 2016,https://itunes.apple.com/cn/app/snow-rescue-operations-2016/id1082306713?mt=8&uo=4,com.tapinator.snow.rescue.opration2016,1082306713,2016-03-16 05:27:13
0,Newmark Software,Chrome Death,https://itunes.apple.com/cn/app/chrome-death/id955260074?mt=8&uo=4,com.newmark.chromedeath,955260074,2016-03-16 05:11:44
0,Omer faruk Ozdemir,Sport Car Park Simulation 3D,https://itunes.apple.com/cn/app/sport-car-park-simulation-3d/id1091422608?mt=8&uo=4,com.MuFaEntertainment.SportCarPark,1091422608,2016-03-16 04:05:09
0,橙光游戏中心,青丘狐之阿绣 - 橙光游戏,https://itunes.apple.com/cn/app/qing-qiu-hu-zhi-xiu-cheng/id1089073025?mt=8&uo=4,com.cgyouxi.game458112,1089073025,2016-03-16 07:52:59
0,yayong li,忍者大乱斗-六道轮回,https://itunes.apple.com/cn/app/ren-zhe-da-luan-dou-liu-dao/id1079765482?mt=8&uo=4,com.renzhedaluandou.7794,1079765482,2016-03-16 06:37:14
0,Playpark Company Limited,PlayMobile,https://itunes.apple.com/cn/app/playmobile/id1000985564?mt=8&uo=4,com.playpark.playmobile,1000985564,2016-03-16 04:26:38
0,Joseph Anthony Pascual,Fighting Crime - Duterte Edition,https://itunes.apple.com/cn/app/fighting-crime-duterte-edition/id1078594870?mt=8&uo=4,com.tataygames.dutertegame,1078594870,2016-03-16 04:25:39
0,Haiping Wang,兵器少女-我的兵器不可能这么猛（萌）,https://itunes.apple.com/cn/app/bing-qi-shao-nu-wo-bing-qi/id1088758705?mt=8&uo=4,com.war.weapon,1088758705,2016-03-16 03:44:44
0,Li Zheng,PocketChaos,https://itunes.apple.com/cn/app/pocketchaos/id1084926031?mt=8&uo=4,pocketchaos.uqee.com,1084926031,2016-03-16 01:26:51
0,i6 Media,Flight Simulator: RC Plane 3D,https://itunes.apple.com/cn/app/flight-simulator-rc-plane-3d/id1091252710?mt=8&uo=4,com.i6.AirplaneRCSimulator3d,1091252710,2016-03-15 23:58:47
0,Birong Tang,2016武侠情缘-骨骼动画版大战神风云 一剑争霸天下,https://itunes.apple.com/cn/app/2016wu-xia-qing-yuan-gu-ge/id1089838650?mt=8&uo=4,com.qmhygame.wxqy,1089838650,2016-03-15 23:46:20
0,sha li,逃脱游戏-14间神秘密室,https://itunes.apple.com/cn/app/tao-tuo-you-xi-14jian-shen/id1090786892?mt=8&uo=4,studio.asl.cye14myro,1090786892,2016-03-16 07:26:56
0,OZITECH - GAMES,Real Gangster City Mafia Driver Wars 3D,https://itunes.apple.com/cn/app/real-gangster-city-mafia-driver/id1083434716?mt=8&uo=4,com.ozitech.vegas.mafia.killer.war,1083434716,2016-03-16 05:40:01
0,Door to Apps,Drive Winter Tourist Bus Transporter,https://itunes.apple.com/cn/app/drive-winter-tourist-bus-transporter/id1089102544?mt=8&uo=4,com.mao.offroad.winter.tourist.bus,1089102544,2016-03-16 04:32:48
0,Wen Wang,"超级海战 Red Alert-全民大海战,最强战争策略海战手游",https://itunes.apple.com/cn/app/chao-ji-hai-zhan-red-alert/id1085973859?mt=8&uo=4,com.gameaok.hzfy,1085973859,2016-03-16 03:21:06
0,Hopy Games,Ragdoll Achievement,https://itunes.apple.com/cn/app/ragdoll-achievement/id1084266569?mt=8&uo=4,com.ragdoll.achievement,1084266569,2016-03-16 02:28:30
0,Feng Sun,方块魔咒―6度解密俄罗斯方块(六边形版消消乐天天开心消除1010六角消除,https://itunes.apple.com/cn/app/fang-kuai-mo-zhou-6du-jie/id1089119066?mt=8&uo=4,boxspell.qiyiniao.us,1089119066,2016-03-16 06:42:40
0,fumiko takano,オ`シャンクラフト（kバ`ジョン榕ゲ`ム）,https://itunes.apple.com/cn/app/oshankurafuto-zongbajon-zhan/id1086549059?mt=8&uo=4,com.rayjoy.csjd.jp,1086549059,2016-03-16 01:05:24
0,daoqi chen,jump up fun run free for games kids girls monster truck clash thumb royale islash faily twisty brakes wheel heroes rolling sky drift merged kendall and bros kylie super mario sharp fifa monument valley 16 bad piggies real happy wheels racing 3 rivals 2,https://itunes.apple.com/cn/app/jump-up-fun-run-free-for-games/id1091477181?mt=8&uo=4,com.gys.MrJumpHero,1091477181,2016-03-16 07:25:38
0,PythonEra,小小梦商场,https://itunes.apple.com/cn/app/xiao-xiao-meng-shang-chang/id1087764907?mt=8&uo=4,com.pythonera.tinymall,1087764907,2016-03-16 03:48:50
0,Wanna Sae-Ang,Game For Anime World Fan : Japan Manga Character Name Trivia Game Free,https://itunes.apple.com/cn/app/game-for-anime-world-fan-japan/id1075743166?mt=8&uo=4,com.igearcompany.quizgameanimeworld10,1075743166,2016-03-16 02:48:14
0,Wanna Sae-Ang,Quiz For Manga : Japan Anime World Character Name Trivia Game Free,https://itunes.apple.com/cn/app/quiz-for-manga-japan-anime/id1075742968?mt=8&uo=4,com.igearcompany.quizgameanimeworld9,1075742968,2016-03-16 02:47:44
0,Wanna Sae-Ang,Quiz Game Retro Video Game Edition - Guess 8 bit and 16 bit Console For Fan,https://itunes.apple.com/cn/app/quiz-game-retro-video-game/id1091130845?mt=8&uo=4,com.igearcompany.quizgameretrovideogame,1091130845,2016-03-16 02:45:30
0,Hoochai Chanlekla,Scratch The Pic : Baseball MLB Players Trivia Photo Reveal Games Free,https://itunes.apple.com/cn/app/scratch-pic-baseball-mlb-players/id1090821524?mt=8&uo=4,com.ccmdeveloper.ScratchThePicsMLB,1090821524,2016-03-16 01:21:23
0,Julian Lessa Rey,Quiz Game for: Seattle Seahawks Version,https://itunes.apple.com/cn/app/quiz-game-for-seattle-seahawks/id1091551882?mt=8&uo=4,com.jrey224.quizforsea,1091551882,2016-03-16 00:59:21
0,Nguyen Khoa,192.1.1,https://itunes.apple.com/cn/app/192.1.1/id1066602204?mt=8&uo=4,275tk3comfreegame,1066602204,2016-03-16 02:21:32
0,ChengFeng Hu,老师消星星-2016和老师一起快点消消乐!,https://itunes.apple.com/cn/app/lao-shi-xiao-xing-xing-2016he/id1091148374?mt=8&uo=4,com.morejoy.clearstar,1091148374,2016-03-15 23:53:52
0,Devin Licastro,Hoptron 5000,https://itunes.apple.com/cn/app/hoptron-5000/id1059941636?mt=8&uo=4,com.robosaucegames.hoptron,1059941636,2016-03-16 03:12:16
0,Yi Fan Tan,Don't Tilt,https://itunes.apple.com/cn/app/dont-tilt/id1091540324?mt=8&uo=4,com.SevenStarsStudio.Tilt,1091540324,2016-03-16 02:51:34
0,"GaLboa,Inc.",弱虫忍者,https://itunes.apple.com/cn/app/ruo-chong-ren-zhe/id1053349169?mt=8&uo=4,com.galboa.yowamushi,1053349169,2016-03-16 02:03:09
